open_time,open,high,low,close,volume,close_time,quote_volume,trade_count,taker_buy_base_volume,taker_buy_quote_volume,ignore
1790985600000000,84518.00000000,84521.09000000,84518.00000000,84521.09000000,1.55785000,1790985600999999,131668.35043840,198,1.29840000,109739.36975360,0
1790985601000000,84521.09000000,84521.09000000,84521.09000000,84521.09000000,0.00088000,1790985601999999,74.37855920,4,0.00088000,74.37855920,0
1790985602000000,84521.09000000,84521.09000000,84521.08000000,84521.09000000,0.00734000,1790985602999999,620.38479870,5,0.00715000,604.32579350,0
1790985603000000,84521.09000000,84521.09000000,84521.09000000,84521.09000000,0.00169000,1790985603999999,142.84064210,1,0.00169000,142.84064210,0
1790985604000000,84521.09000000,84521.09000000,84521.09000000,84521.09000000,0.00884000,1790985604999999,747.16643560,4,0.00884000,747.16643560,0
1790985605000000,84521.08000000,84521.08000000,84521.08000000,84521.08000000,0.00017000,1790985605999999,14.36858360,1,0.00000000,0.00000000,0
1790985606000000,84521.09000000,84521.09000000,84521.08000000,84521.09000000,0.00839000,1790985606999999,709.13193330,3,0.00721000,609.39705890,0
1790985607000000,84521.09000000,84521.09000000,84521.08000000,84521.08000000,0.00386000,1790985607999999,326.25140650,5,0.00377000,318.64450930,0
1790985608000000,84521.09000000,84521.09000000,84521.08000000,84521.08000000,0.59564000,1790985608999999,50344.13609460,7,0.00034000,28.73717060,0
1790985609000000,84521.09000000,84521.09000000,84521.08000000,84521.08000000,0.01121000,1790985609999999,947.48130770,3,0.00009000,7.60689810,0
1790985610000000,84521.09000000,84521.09000000,84521.09000000,84521.09000000,0.03956000,1790985610999999,3343.65432040,5,0.03956000,3343.65432040,0
1790985611000000,84521.09000000,84521.09000000,84521.08000000,84521.08000000,0.59694000,1790985611999999,50454.01942910,11,0.59339000,50153.96959510,0
1790985612000000,84521.08000000,84521.09000000,84521.08000000,84521.08000000,0.00051000,1790985612999999,43.10575230,4,0.00015000,12.67816350,0
1790985613000000,84521.09000000,84521.09000000,84521.08000000,84521.09000000,0.00887000,1790985613999999,749.70206340,7,0.00838000,708.28673420,0
1790985614000000,84521.08000000,84521.09000000,84521.08000000,84521.09000000,0.00636000,1790985614999999,537.55409050,3,0.00217000,183.41076530,0
1790985615000000,84521.09000000,84521.09000000,84521.09000000,84521.09000000,0.00050000,1790985615999999,42.26054500,3,0.00050000,42.26054500,0
1790985616000000,84521.09000000,84521.09000000,84521.09000000,84521.09000000,0.00446000,1790985616999999,376.96406140,4,0.00446000,376.96406140,0
1790985617000000,84521.08000000,84521.09000000,84521.08000000,84521.09000000,0.00035000,1790985617999999,29.58238050,2,0.00025000,21.13027250,0
1790985618000000,84521.08000000,84521.09000000,84521.08000000,84521.08000000,0.33615000,1790985618999999,28411.76202770,9,0.09857000,8331.24384130,0
1790985619000000,84521.08000000,84521.09000000,84521.08000000,84521.08000000,0.18091000,1790985619999999,15290.70929700,7,0.07142000,6036.49624780,0
1790985620000000,84521.08000000,84521.09000000,84521.08000000,84521.08000000,0.01659000,1790985620999999,1402.20472220,4,0.00050000,42.26054500,0
1790985621000000,84521.09000000,84521.09000000,84521.09000000,84521.09000000,0.02210000,1790985621999999,1867.91608900,1,0.02210000,1867.91608900,0
1790985622000000,84521.08000000,84521.09000000,84521.08000000,84521.09000000,0.02685000,1790985622999999,2269.39114540,3,0.01474000,1245.84086660,0
1790985623000000,84521.08000000,84521.08000000,84521.08000000,84521.08000000,0.01998000,1790985623999999,1688.73117840,3,0.00000000,0.00000000,0
1790985624000000,84521.08000000,84521.09000000,84521.08000000,84521.09000000,0.00024000,1790985624999999,20.28506040,2,0.00012000,10.14253080,0
1790985625000000,84521.09000000,84521.09000000,84521.09000000,84521.09000000,0.00000000,1790985625999999,0.00000000,0,0.00000000,0.00000000,0
1790985626000000,84521.09000000,84521.09000000,84521.09000000,84521.09000000,0.22257000,1790985626999999,18811.85900130,4,0.22257000,18811.85900130,0
1790985627000000,84521.09000000,84521.09000000,84521.09000000,84521.09000000,0.00016000,1790985627999999,13.52337440,1,0.00016000,13.52337440,0
1790985628000000,84521.09000000,84521.09000000,84521.09000000,84521.09000000,0.06953000,1790985628999999,5876.75138770,1,0.06953000,5876.75138770,0
1790985629000000,84521.09000000,84521.09000000,84521.08000000,84521.08000000,0.00590000,1790985629999999,498.67437550,2,0.00035000,29.58238150,0
1790985630000000,84521.08000000,84521.08000000,84521.08000000,84521.08000000,0.00155000,1790985630999999,131.00767400,2,0.00000000,0.00000000,0
1790985631000000,84521.08000000,84521.08000000,84521.08000000,84521.08000000,0.02488000,1790985631999999,2102.88447040,3,0.00000000,0.00000000,0
1790985632000000,84521.09000000,84521.09000000,84521.08000000,84521.08000000,0.59614000,1790985632999999,50386.39663960,9,0.00084000,70.99771560,0
1790985633000000,84521.09000000,84521.09000000,84521.09000000,84521.09000000,0.00776000,1790985633999999,655.88365840,2,0.00776000,655.88365840,0
1790985634000000,84521.09000000,84521.09000000,84521.08000000,84521.08000000,0.00330000,1790985634999999,278.91956700,2,0.00030000,25.35632700,0
1790985635000000,84521.09000000,84521.09000000,84521.09000000,84521.09000000,0.00185000,1790985635999999,156.36401650,2,0.00185000,156.36401650,0
1790985636000000,84521.09000000,84521.09000000,84521.09000000,84521.09000000,0.00353000,1790985636999999,298.35944770,7,0.00353000,298.35944770,0
1790985637000000,84521.09000000,84521.09000000,84521.09000000,84521.09000000,0.01946000,1790985637999999,1644.78041140,8,0.01946000,1644.78041140,0
1790985638000000,84521.09000000,84521.09000000,84521.08000000,84521.09000000,0.02593000,1790985638999999,2191.63185290,30,0.02485000,2100.34908650,0
1790985639000000,84521.09000000,84521.09000000,84521.09000000,84521.09000000,0.00471000,1790985639999999,398.09433390,5,0.00471000,398.09433390,0
1790985640000000,84521.09000000,84521.09000000,84521.08000000,84521.08000000,0.75707000,1790985640999999,63988.37404430,24,0.00087000,73.53334830,0
1790985641000000,84521.09000000,84521.09000000,84521.09000000,84521.09000000,0.00084000,1790985641999999,70.99771560,3,0.00084000,70.99771560,0
1790985642000000,84521.09000000,84521.09000000,84521.09000000,84521.09000000,0.00350000,1790985642999999,295.82381500,4,0.00350000,295.82381500,0
1790985643000000,84521.09000000,84521.09000000,84521.09000000,84521.09000000,0.00000000,1790985643999999,0.00000000,0,0.00000000,0.00000000,0
1790985644000000,84521.09000000,84521.09000000,84521.09000000,84521.09000000,0.00070000,1790985644999999,59.16476300,1,0.00070000,59.16476300,0
1790985645000000,84521.09000000,84521.09000000,84521.09000000,84521.09000000,0.01002000,1790985645999999,846.90132180,3,0.01002000,846.90132180,0
1790985646000000,84521.09000000,84521.09000000,84521.09000000,84521.09000000,0.00000000,1790985646999999,0.00000000,0,0.00000000,0.00000000,0
1790985647000000,84521.08000000,84521.08000000,84521.08000000,84521.08000000,0.00300000,1790985647999999,253.56324000,1,0.00000000,0.00000000,0
1790985648000000,84521.08000000,84521.08000000,84521.08000000,84521.08000000,0.00000000,1790985648999999,0.00000000,0,0.00000000,0.00000000,0
1790985649000000,84521.08000000,84521.09000000,84521.08000000,84521.09000000,0.00059000,1790985649999999,49.86743880,2,0.00016000,13.52337440,0
1790985650000000,84521.09000000,84521.09000000,84521.09000000,84521.09000000,0.00009000,1790985650999999,7.60689810,1,0.00009000,7.60689810,0
1790985651000000,84521.09000000,84521.09000000,84521.08000000,84521.08000000,0.00185000,1790985651999999,156.36401560,3,0.00176000,148.75711840,0
1790985652000000,84521.08000000,84521.09000000,84521.08000000,84521.08000000,0.01122000,1790985652999999,948.32652030,6,0.00027000,22.82069430,0
1790985653000000,84521.08000000,84521.09000000,84521.08000000,84521.09000000,0.12255000,1790985653999999,10358.05938660,8,0.10326000,8727.64775340,0
1790985654000000,84521.08000000,84521.08000000,84521.08000000,84521.08000000,0.01000000,1790985654999999,845.21080000,1,0.00000000,0.00000000,0
1790985655000000,84521.09000000,84521.09000000,84521.08000000,84521.08000000,0.00247000,1790985655999999,208.76708280,5,0.00152000,128.47205680,0
1790985656000000,84521.08000000,84521.09000000,84521.08000000,84521.08000000,0.00385000,1790985656999999,325.40618170,4,0.00237000,200.31498330,0
1790985657000000,84521.09000000,84521.09000000,84521.08000000,84521.08000000,0.59635000,1790985657999999,50404.14606070,19,0.00027000,22.82069430,0
1790985658000000,84521.08000000,84521.09000000,84521.08000000,84521.09000000,0.00229000,1790985658999999,193.55329500,2,0.00218000,184.25597620,0
1790985659000000,84521.09000000,84521.09000000,84521.09000000,84521.09000000,0.00055000,1790985659999999,46.48659950,2,0.00055000,46.48659950,0
1790985660000000,84521.08000000,84521.09000000,84521.08000000,84521.09000000,0.08370000,1790985660999999,7074.41523040,5,0.08344000,7052.43974960,0
1790985661000000,84521.09000000,84521.09000000,84521.09000000,84521.09000000,0.01000000,1790985661999999,845.21090000,1,0.01000000,845.21090000,0
1790985662000000,84521.08000000,84521.08000000,84521.08000000,84521.08000000,0.00300000,1790985662999999,253.56324000,1,0.00000000,0.00000000,0
1790985663000000,84521.08000000,84521.09000000,84521.08000000,84521.09000000,0.01165000,1790985663999999,984.67058430,4,0.00023000,19.43985070,0
1790985664000000,84521.08000000,84521.09000000,84521.08000000,84521.09000000,0.00428000,1790985664999999,361.75022680,3,0.00044000,37.18927960,0
1790985665000000,84521.09000000,84521.09000000,84521.09000000,84521.09000000,0.00015000,1790985665999999,12.67816350,2,0.00015000,12.67816350,0
1790985666000000,84521.08000000,84521.09000000,84521.08000000,84521.09000000,0.03047000,1790985666999999,2575.35751230,5,0.02047000,1730.14671230,0
1790985667000000,84521.09000000,84521.09000000,84521.09000000,84521.09000000,0.00000000,1790985667999999,0.00000000,0,0.00000000,0.00000000,0
1790985668000000,84521.09000000,84521.09000000,84521.09000000,84521.09000000,0.00000000,1790985668999999,0.00000000,0,0.00000000,0.00000000,0
1790985669000000,84521.08000000,84521.09000000,84521.08000000,84521.09000000,0.03744000,1790985669999999,3164.46956820,2,0.03330000,2814.55229700,0
1790985670000000,84521.09000000,84521.09000000,84521.09000000,84521.09000000,0.00236000,1790985670999999,199.46977240,1,0.00236000,199.46977240,0
1790985671000000,84521.08000000,84521.08000000,84521.08000000,84521.08000000,0.00014000,1790985671999999,11.83295120,1,0.00000000,0.00000000,0
1790985672000000,84521.09000000,84521.09000000,84521.09000000,84521.09000000,0.00007000,1790985672999999,5.91647630,1,0.00007000,5.91647630,0
1790985673000000,84521.09000000,84521.09000000,84521.09000000,84521.09000000,0.00380000,1790985673999999,321.18014200,1,0.00380000,321.18014200,0
1790985674000000,84521.09000000,84521.09000000,84521.09000000,84521.09000000,0.00000000,1790985674999999,0.00000000,0,0.00000000,0.00000000,0
1790985675000000,84521.08000000,84521.09000000,84521.08000000,84521.08000000,0.01103000,1790985675999999,932.26751400,7,0.00016000,13.52337440,0
1790985676000000,84521.09000000,84521.09000000,84521.08000000,84521.09000000,0.00057000,1790985676999999,48.17702030,3,0.00047000,39.72491230,0
1790985677000000,84521.08000000,84521.09000000,84521.08000000,84521.08000000,0.02013000,1790985677999999,1701.40934400,5,0.00036000,30.42759240,0
1790985678000000,84521.09000000,84521.09000000,84521.08000000,84521.08000000,0.00800000,1790985678999999,676.16865220,6,0.00122000,103.11572980,0
1790985679000000,84521.08000000,84521.09000000,84521.08000000,84521.08000000,0.00369000,1790985679999999,311.88279640,4,0.00112000,94.66362080,0
1790985680000000,84521.08000000,84521.08000000,84521.08000000,84521.08000000,0.00431000,1790985680999999,364.28585480,2,0.00000000,0.00000000,0
1790985681000000,84521.08000000,84521.09000000,84521.08000000,84521.09000000,0.14189000,1790985681999999,11992.69608090,2,0.00397000,335.54872730,0
1790985682000000,84521.09000000,84521.09000000,84521.08000000,84521.08000000,0.62861000,1790985682999999,53130.79611680,26,0.00180000,152.13796200,0
1790985683000000,84521.08000000,84521.08000000,84521.08000000,84521.08000000,0.00471000,1790985683999999,398.09428680,14,0.00000000,0.00000000,0
1790985684000000,84521.08000000,84521.08000000,84520.60000000,84520.60000000,0.30443000,1790985684999999,25730.74024780,229,0.00000000,0.00000000,0
1790985685000000,84520.61000000,84520.61000000,84520.60000000,84520.60000000,0.00071000,1790985685999999,60.00962760,2,0.00016000,13.52329760,0
1790985686000000,84520.60000000,84520.60000000,84516.54000000,84516.54000000,0.63647000,1790985686999999,53793.90822040,152,0.00000000,0.00000000,0
1790985687000000,84516.54000000,84516.55000000,84516.54000000,84516.55000000,0.01100000,1790985687999999,929.68195580,31,0.00158000,133.53614900,0
1790985688000000,84516.54000000,84516.55000000,84516.54000000,84516.55000000,0.08866000,1790985688999999,7493.23732070,4,0.08843000,7473.79851650,0
1790985689000000,84516.54000000,84516.55000000,84506.80000000,84506.81000000,1.51579000,1790985689999999,128098.84623660,187,0.10002000,8452.46278960,0
1790985690000000,84506.81000000,84506.81000000,84506.80000000,84506.80000000,0.01278000,1790985690999999,1079.99696440,4,0.00604000,510.42113240,0
1790985691000000,84506.80000000,84506.81000000,84506.80000000,84506.81000000,0.00064000,1790985691999999,54.08435530,3,0.00033000,27.88724730,0
1790985692000000,84506.80000000,84506.81000000,84506.80000000,84506.81000000,0.80778000,1790985692999999,68262.90410970,22,0.12057000,10188.98608170,0
1790985693000000,84506.80000000,84506.80000000,84506.80000000,84506.80000000,0.00127000,1790985693999999,107.32363600,12,0.00000000,0.00000000,0
1790985694000000,84506.80000000,84506.81000000,84506.80000000,84506.80000000,0.00208000,1790985694999999,175.77414990,11,0.00059000,49.85901790,0
1790985695000000,84506.80000000,84506.80000000,84506.80000000,84506.80000000,0.00009000,1790985695999999,7.60561200,2,0.00000000,0.00000000,0
1790985696000000,84506.81000000,84506.81000000,84506.81000000,84506.81000000,0.00132000,1790985696999999,111.54898920,1,0.00132000,111.54898920,0
1790985697000000,84506.81000000,84506.81000000,84506.81000000,84506.81000000,0.03585000,1790985697999999,3029.56913850,2,0.03585000,3029.56913850,0
1790985698000000,84506.80000000,84506.81000000,84506.80000000,84506.81000000,0.00195000,1790985698999999,164.78827090,4,0.00109000,92.11242290,0
1790985699000000,84506.80000000,84506.80000000,84506.80000000,84506.80000000,0.00133000,1790985699999999,112.39404400,5,0.00000000,0.00000000,0
1790985700000000,84506.80000000,84506.80000000,84506.80000000,84506.80000000,0.00300000,1790985700999999,253.52040000,23,0.00000000,0.00000000,0
1790985701000000,84506.80000000,84506.81000000,84506.80000000,84506.81000000,0.01127000,1790985701999999,952.39169820,4,0.00622000,525.63235820,0
1790985702000000,84506.80000000,84506.81000000,84506.80000000,84506.81000000,0.02539000,1790985702999999,2145.62765760,31,0.00056000,47.32381360,0
1790985703000000,84506.80000000,84506.81000000,84506.80000000,84506.81000000,0.00297000,1790985703999999,250.98521730,2,0.00213000,179.99950530,0
1790985704000000,84506.81000000,84506.81000000,84506.81000000,84506.81000000,0.00089000,1790985704999999,75.21106090,2,0.00089000,75.21106090,0
1790985705000000,84506.80000000,84506.80000000,84506.80000000,84506.80000000,0.00046000,1790985705999999,38.87312800,1,0.00000000,0.00000000,0
1790985706000000,84506.80000000,84506.80000000,84506.00000000,84506.01000000,0.02299000,1790985706999999,1942.79797200,73,0.00270000,228.16622700,0
1790985707000000,84506.00000000,84506.01000000,84500.02000000,84500.03000000,0.64226000,1790985707999999,54271.62834840,106,0.04682000,3956.56899620,0
1790985708000000,84500.02000000,84500.02000000,84500.02000000,84500.02000000,0.00260000,1790985708999999,219.70005200,10,0.00000000,0.00000000,0
1790985709000000,84500.03000000,84500.03000000,84500.03000000,84500.03000000,0.00176000,1790985709999999,148.72005280,2,0.00176000,148.72005280,0
1790985710000000,84500.03000000,84500.03000000,84500.03000000,84500.03000000,0.00185000,1790985710999999,156.32505550,2,0.00185000,156.32505550,0
1790985711000000,84500.02000000,84500.03000000,84500.02000000,84500.03000000,0.00827000,1790985711999999,698.81517100,2,0.00056000,47.32001680,0
1790985712000000,84500.03000000,84500.03000000,84500.02000000,84500.02000000,0.00314000,1790985712999999,265.33006420,2,0.00014000,11.83000420,0
1790985713000000,84500.02000000,84500.02000000,84500.02000000,84500.02000000,0.00088000,1790985713999999,74.36001760,1,0.00000000,0.00000000,0
1790985714000000,84500.03000000,84500.03000000,84500.02000000,84500.03000000,0.12042000,1790985714999999,10175.49358880,4,0.11804000,9974.38354120,0
1790985715000000,84500.03000000,84500.03000000,84500.03000000,84500.03000000,0.00631000,1790985715999999,533.19518930,1,0.00631000,533.19518930,0
1790985716000000,84500.03000000,84500.03000000,84500.03000000,84500.03000000,0.00024000,1790985716999999,20.28000720,1,0.00024000,20.28000720,0
1790985717000000,84500.03000000,84500.03000000,84500.03000000,84500.03000000,0.00000000,1790985717999999,0.00000000,0,0.00000000,0.00000000,0
1790985718000000,84500.03000000,84500.03000000,84500.03000000,84500.03000000,0.00017000,1790985718999999,14.36500510,1,0.00017000,14.36500510,0
1790985719000000,84500.02000000,84500.02000000,84500.02000000,84500.02000000,0.00059000,1790985719999999,49.85501180,1,0.00000000,0.00000000,0
1790985720000000,84500.02000000,84500.02000000,84500.02000000,84500.02000000,0.00195000,1790985720999999,164.77503900,1,0.00000000,0.00000000,0
1790985721000000,84500.03000000,84500.03000000,84500.03000000,84500.03000000,0.00216000,1790985721999999,182.52006480,3,0.00216000,182.52006480,0
1790985722000000,84500.03000000,84500.03000000,84500.03000000,84500.03000000,0.00033000,1790985722999999,27.88500990,2,0.00033000,27.88500990,0
1790985723000000,84500.03000000,84500.03000000,84500.03000000,84500.03000000,0.00044000,1790985723999999,37.18001320,2,0.00044000,37.18001320,0
1790985724000000,84500.02000000,84500.03000000,84500.02000000,84500.03000000,0.00156000,1790985724999999,131.82004500,5,0.00138000,116.61004140,0
1790985725000000,84500.03000000,84500.03000000,84500.02000000,84500.02000000,0.00622000,1790985725999999,525.59012700,3,0.00026000,21.97000780,0
1790985726000000,84500.02000000,84500.03000000,84500.02000000,84500.02000000,0.00460000,1790985726999999,388.70010200,6,0.00100000,84.50003000,0
1790985727000000,84500.03000000,84500.03000000,84500.03000000,84500.03000000,0.00137000,1790985727999999,115.76504110,2,0.00137000,115.76504110,0
1790985728000000,84500.03000000,84500.03000000,84500.03000000,84500.03000000,0.07840000,1790985728999999,6624.80235200,2,0.07840000,6624.80235200,0
1790985729000000,84500.03000000,84500.03000000,84500.03000000,84500.03000000,0.00000000,1790985729999999,0.00000000,0,0.00000000,0.00000000,0
1790985730000000,84500.02000000,84500.02000000,84500.02000000,84500.02000000,0.00020000,1790985730999999,16.90000400,1,0.00000000,0.00000000,0
1790985731000000,84500.03000000,84500.03000000,84500.03000000,84500.03000000,0.00700000,1790985731999999,591.50021000,4,0.00700000,591.50021000,0
1790985732000000,84500.03000000,84500.03000000,84500.02000000,84500.03000000,0.59651000,1790985732999999,50405.10694100,26,0.00108000,91.26003240,0
1790985733000000,84500.03000000,84500.03000000,84500.02000000,84500.02000000,0.00215000,1790985733999999,181.67506270,5,0.00197000,166.46505910,0
1790985734000000,84500.03000000,84500.03000000,84500.02000000,84500.03000000,0.02226000,1790985734999999,1880.97054070,10,0.00955000,806.97528650,0
1790985735000000,84500.03000000,84500.03000000,84500.02000000,84500.03000000,0.00618000,1790985735999999,522.21018040,5,0.00568000,479.96017040,0
1790985736000000,84500.02000000,84500.03000000,84500.02000000,84500.03000000,0.01901000,1790985736999999,1606.34551340,10,0.01332000,1125.54039960,0
1790985737000000,84500.03000000,84500.03000000,84500.03000000,84500.03000000,0.00028000,1790985737999999,23.66000840,2,0.00028000,23.66000840,0
1790985738000000,84500.03000000,84500.03000000,84500.03000000,84500.03000000,0.00448000,1790985738999999,378.56013440,3,0.00448000,378.56013440,0
1790985739000000,84500.03000000,84500.03000000,84500.02000000,84500.02000000,0.00332000,1790985739999999,280.54006960,3,0.00032000,27.04000960,0
1790985740000000,84500.03000000,84500.03000000,84500.03000000,84500.03000000,0.00077000,1790985740999999,65.06502310,3,0.00077000,65.06502310,0
1790985741000000,84500.03000000,84500.03000000,84500.02000000,84500.03000000,0.00891000,1790985741999999,752.89526520,6,0.00870000,735.15026100,0
1790985742000000,84500.03000000,84500.03000000,84500.02000000,84500.02000000,0.09112000,1790985742999999,7699.64265940,4,0.08370000,7072.65251100,0
1790985743000000,84500.03000000,84500.03000000,84500.02000000,84500.02000000,0.00309000,1790985743999999,261.10506340,14,0.00016000,13.52000480,0
1790985744000000,84500.03000000,84500.03000000,84500.02000000,84500.02000000,0.00065000,1790985744999999,54.92501450,2,0.00015000,12.67500450,0
1790985745000000,84500.03000000,84500.03000000,84500.02000000,84500.03000000,0.02530000,1790985745999999,2137.85062870,7,0.01227000,1036.81536810,0
1790985746000000,84500.03000000,84500.03000000,84500.02000000,84500.03000000,0.00195000,1790985746999999,164.77505070,5,0.00117000,98.86503510,0
1790985747000000,84500.02000000,84500.02000000,84500.02000000,84500.02000000,0.00026000,1790985747999999,21.97000520,1,0.00000000,0.00000000,0
1790985748000000,84500.03000000,84500.03000000,84500.02000000,84500.02000000,0.08918000,1790985748999999,7535.71258290,7,0.07993000,6754.08739790,0
1790985749000000,84500.03000000,84500.03000000,84500.03000000,84500.03000000,0.00026000,1790985749999999,21.97000780,1,0.00026000,21.97000780,0
1790985750000000,84500.03000000,84500.03000000,84500.03000000,84500.03000000,0.00017000,1790985750999999,14.36500510,1,0.00017000,14.36500510,0
1790985751000000,84500.03000000,84500.03000000,84500.03000000,84500.03000000,0.00353000,1790985751999999,298.28510590,4,0.00353000,298.28510590,0
1790985752000000,84500.03000000,84500.03000000,84500.03000000,84500.03000000,0.00284000,1790985752999999,239.98008520,2,0.00284000,239.98008520,0
1790985753000000,84500.03000000,84500.03000000,84500.02000000,84500.02000000,0.00309000,1790985753999999,261.10506270,2,0.00009000,7.60500270,0
1790985754000000,84500.02000000,84500.02000000,84500.02000000,84500.02000000,0.00000000,1790985754999999,0.00000000,0,0.00000000,0.00000000,0
1790985755000000,84500.03000000,84500.03000000,84500.03000000,84500.03000000,0.00022000,1790985755999999,18.59000660,1,0.00022000,18.59000660,0
1790985756000000,84500.03000000,84500.03000000,84500.02000000,84500.03000000,0.01111000,1790985756999999,938.79523630,10,0.00141000,119.14504230,0
1790985757000000,84500.03000000,84500.03000000,84500.03000000,84500.03000000,0.02406000,1790985757999999,2033.07072180,3,0.02406000,2033.07072180,0
1790985758000000,84500.03000000,84500.03000000,84500.03000000,84500.03000000,0.00054000,1790985758999999,45.63001620,2,0.00054000,45.63001620,0
1790985759000000,84500.03000000,84500.03000000,84500.02000000,84500.03000000,0.00758000,1790985759999999,640.51016190,7,0.00103000,87.03503090,0
1790985760000000,84500.03000000,84500.03000000,84500.03000000,84500.03000000,0.03783000,1790985760999999,3196.63613490,4,0.03783000,3196.63613490,0
1790985761000000,84500.03000000,84500.03000000,84500.03000000,84500.03000000,0.00100000,1790985761999999,84.50003000,2,0.00100000,84.50003000,0
1790985762000000,84500.03000000,84500.03000000,84500.03000000,84500.03000000,0.00042000,1790985762999999,35.49001260,1,0.00042000,35.49001260,0
1790985763000000,84500.02000000,84500.02000000,84500.02000000,84500.02000000,0.00035000,1790985763999999,29.57500700,1,0.00000000,0.00000000,0
1790985764000000,84500.03000000,84500.03000000,84500.03000000,84500.03000000,0.00041000,1790985764999999,34.64501230,2,0.00041000,34.64501230,0
1790985765000000,84500.03000000,84500.03000000,84500.03000000,84500.03000000,0.00026000,1790985765999999,21.97000780,1,0.00026000,21.97000780,0
1790985766000000,84500.02000000,84500.03000000,84500.02000000,84500.03000000,0.00492000,1790985766999999,415.74011760,5,0.00192000,162.24005760,0
1790985767000000,84500.03000000,84500.03000000,84500.02000000,84500.02000000,0.01105000,1790985767999999,933.72532080,3,0.00998000,843.31029940,0
1790985768000000,84500.03000000,84500.03000000,84500.03000000,84500.03000000,0.00067000,1790985768999999,56.61502010,2,0.00067000,56.61502010,0
1790985769000000,84500.03000000,84500.03000000,84500.03000000,84500.03000000,0.00023000,1790985769999999,19.43500690,1,0.00023000,19.43500690,0
1790985770000000,84500.03000000,84500.03000000,84500.02000000,84500.02000000,0.02292000,1790985770999999,1936.74045930,3,0.00009000,7.60500270,0
1790985771000000,84500.03000000,84500.03000000,84500.03000000,84500.03000000,0.00109000,1790985771999999,92.10503270,3,0.00109000,92.10503270,0
1790985772000000,84500.02000000,84500.03000000,84500.02000000,84500.03000000,0.00304000,1790985772999999,256.88008300,4,0.00222000,187.59006660,0
1790985773000000,84500.03000000,84500.03000000,84500.03000000,84500.03000000,0.40579000,1790985773999999,34289.26717370,2,0.40579000,34289.26717370,0
1790985774000000,84500.03000000,84500.03000000,84500.03000000,84500.03000000,0.00098000,1790985774999999,82.81002940,1,0.00098000,82.81002940,0
1790985775000000,84500.02000000,84500.03000000,84500.02000000,84500.02000000,0.00665000,1790985775999999,561.92514960,4,0.00166000,140.27004980,0
1790985776000000,84500.02000000,84500.03000000,84500.02000000,84500.03000000,0.01223000,1790985776999999,1033.43528350,4,0.00389000,328.70511670,0
1790985777000000,84500.02000000,84500.02000000,84500.02000000,84500.02000000,0.01663000,1790985777999999,1405.23533260,2,0.00000000,0.00000000,0
1790985778000000,84500.03000000,84500.03000000,84500.02000000,84500.02000000,0.10612000,1790985778999999,8967.14315360,3,0.10312000,8713.64309360,0
1790985779000000,84500.02000000,84500.03000000,84500.02000000,84500.03000000,0.00069000,1790985779999999,58.30501700,3,0.00032000,27.04000960,0
1790985780000000,84500.03000000,84500.03000000,84500.03000000,84500.03000000,0.03058000,1790985780999999,2584.01091740,7,0.03058000,2584.01091740,0
1790985781000000,84500.03000000,84500.03000000,84500.03000000,84500.03000000,0.00126000,1790985781999999,106.47003780,3,0.00126000,106.47003780,0
1790985782000000,84500.03000000,84500.03000000,84500.03000000,84500.03000000,0.10009000,1790985782999999,8457.60800270,3,0.10009000,8457.60800270,0
1790985783000000,84500.03000000,84500.03000000,84500.02000000,84500.02000000,0.00918000,1790985783999999,775.71019200,5,0.00084000,70.98002520,0
1790985784000000,84500.03000000,84500.03000000,84500.03000000,84500.03000000,0.00011000,1790985784999999,9.29500330,1,0.00011000,9.29500330,0
1790985785000000,84500.02000000,84500.02000000,84500.02000000,84500.02000000,0.00268000,1790985785999999,226.46005360,1,0.00000000,0.00000000,0
1790985786000000,84500.03000000,84500.03000000,84500.02000000,84500.03000000,0.00980000,1790985786999999,828.10023850,4,0.00425000,359.12512750,0
1790985787000000,84500.03000000,84500.03000000,84500.03000000,84500.03000000,0.00009000,1790985787999999,7.60500270,1,0.00009000,7.60500270,0
1790985788000000,84500.03000000,84500.03000000,84500.03000000,84500.03000000,0.01988000,1790985788999999,1679.86059640,3,0.01988000,1679.86059640,0
1790985789000000,84500.03000000,84500.03000000,84500.03000000,84500.03000000,0.00081000,1790985789999999,68.44502430,3,0.00081000,68.44502430,0
1790985790000000,84500.02000000,84500.03000000,84500.02000000,84500.03000000,0.02021000,1790985790999999,1707.74558650,5,0.01823000,1540.43554690,0
1790985791000000,84500.02000000,84500.03000000,84500.02000000,84500.03000000,0.00457000,1790985791999999,386.16510710,5,0.00157000,132.66504710,0
1790985792000000,84500.02000000,84500.02000000,84500.02000000,84500.02000000,0.00034000,1790985792999999,28.73000680,1,0.00000000,0.00000000,0
1790985793000000,84500.02000000,84500.02000000,84500.02000000,84500.02000000,0.00159000,1790985793999999,134.35503180,1,0.00000000,0.00000000,0
1790985794000000,84500.03000000,84500.03000000,84500.03000000,84500.03000000,0.00017000,1790985794999999,14.36500510,1,0.00017000,14.36500510,0
1790985795000000,84500.03000000,84500.03000000,84500.03000000,84500.03000000,0.00009000,1790985795999999,7.60500270,1,0.00009000,7.60500270,0
1790985796000000,84500.02000000,84500.03000000,84500.02000000,84500.03000000,0.00369000,1790985796999999,311.80508700,5,0.00132000,111.54003960,0
1790985797000000,84500.02000000,84500.03000000,84500.01000000,84500.01000000,0.98188000,1790985797999999,82968.87704970,389,0.00935000,790.07510050,0
1790985798000000,84500.01000000,84500.01000000,84500.01000000,84500.01000000,0.00005000,1790985798999999,4.22500050,1,0.00005000,4.22500050,0
1790985799000000,84500.01000000,84500.01000000,84500.00000000,84500.00000000,0.20594000,1790985799999999,17401.93200000,3,0.20000000,16900.00200000,0
1790985800000000,84500.00000000,84500.00000000,84500.00000000,84500.00000000,0.00018000,1790985800999999,15.21000000,1,0.00000000,0.00000000,0
1790985801000000,84500.00000000,84500.01000000,84500.00000000,84500.01000000,0.00126000,1790985801999999,106.47001000,3,0.00100000,84.50001000,0
1790985802000000,84500.00000000,84500.01000000,84500.00000000,84500.00000000,0.01573000,1790985802999999,1329.18511830,4,0.01183000,999.63511830,0
1790985803000000,84500.01000000,84500.01000000,84500.01000000,84500.01000000,0.00055000,1790985803999999,46.47500550,3,0.00055000,46.47500550,0
1790985804000000,84500.00000000,84500.01000000,84500.00000000,84500.00000000,0.00886000,1790985804999999,748.67000410,5,0.00041000,34.64500410,0
1790985805000000,84500.01000000,84500.01000000,84500.00000000,84500.01000000,0.00216000,1790985805999999,182.52001560,5,0.00156000,131.82001560,0
1790985806000000,84500.00000000,84500.01000000,84500.00000000,84500.00000000,0.03062000,1790985806999999,2587.39009280,12,0.00928000,784.16009280,0
1790985807000000,84500.01000000,84500.01000000,84500.01000000,84500.01000000,0.00005000,1790985807999999,4.22500050,1,0.00005000,4.22500050,0
1790985808000000,84500.01000000,84500.01000000,84500.00000000,84500.01000000,0.03945000,1790985808999999,3333.52539160,5,0.03916000,3309.02039160,0
1790985809000000,84500.00000000,84500.01000000,84500.00000000,84500.00000000,0.05017000,1790985809999999,4239.36501630,6,0.00163000,137.73501630,0
1790985810000000,84500.01000000,84500.01000000,84500.01000000,84500.01000000,0.00858000,1790985810999999,725.01008580,2,0.00858000,725.01008580,0
1790985811000000,84500.01000000,84500.01000000,84500.00000000,84500.01000000,0.00740000,1790985811999999,625.30004720,8,0.00472000,398.84004720,0
1790985812000000,84500.01000000,84500.01000000,84500.00000000,84500.00000000,0.00058000,1790985812999999,49.01000500,4,0.00050000,42.25000500,0
1790985813000000,84500.00000000,84500.01000000,84500.00000000,84500.00000000,0.00933000,1790985813999999,788.38500890,4,0.00089000,75.20500890,0
1790985814000000,84500.01000000,84500.01000000,84500.01000000,84500.01000000,0.04130000,1790985814999999,3489.85041300,2,0.04130000,3489.85041300,0
1790985815000000,84500.01000000,84500.01000000,84500.00000000,84500.00000000,0.01082000,1790985815999999,914.29009550,6,0.00955000,806.97509550,0
1790985816000000,84500.00000000,84500.01000000,84500.00000000,84500.01000000,0.03775000,1790985816999999,3189.87501000,3,0.00100000,84.50001000,0
1790985817000000,84500.01000000,84500.01000000,84500.01000000,84500.01000000,0.00008000,1790985817999999,6.76000080,1,0.00008000,6.76000080,0
1790985818000000,84500.00000000,84500.01000000,84500.00000000,84500.00000000,0.00935000,1790985818999999,790.07500070,4,0.00007000,5.91500070,0
1790985819000000,84500.00000000,84500.01000000,84500.00000000,84500.01000000,0.34881000,1790985819999999,29474.44532720,12,0.03272000,2764.84032720,0
1790985820000000,84500.01000000,84500.01000000,84500.00000000,84500.01000000,0.00926000,1790985820999999,782.47000720,5,0.00072000,60.84000720,0
1790985821000000,84500.01000000,84500.01000000,84500.01000000,84500.01000000,0.00142000,1790985821999999,119.99001420,4,0.00142000,119.99001420,0
1790985822000000,84500.01000000,84500.01000000,84500.00000000,84500.00000000,0.01210000,1790985822999999,1022.45000550,4,0.00055000,46.47500550,0
1790985823000000,84500.01000000,84500.01000000,84500.00000000,84500.00000000,0.02999000,1790985823999999,2534.15500180,3,0.00018000,15.21000180,0
1790985824000000,84500.00000000,84500.01000000,84500.00000000,84500.00000000,0.25427000,1790985824999999,21485.81500160,7,0.00016000,13.52000160,0
1790985825000000,84500.00000000,84500.01000000,84500.00000000,84500.01000000,0.00990000,1790985825999999,836.55001310,3,0.00131000,110.69501310,0
1790985826000000,84500.00000000,84500.01000000,84500.00000000,84500.01000000,0.00779000,1790985826999999,658.25501090,4,0.00109000,92.10501090,0
1790985827000000,84500.01000000,84500.01000000,84500.00000000,84500.00000000,0.00228000,1790985827999999,192.66000090,3,0.00009000,7.60500090,0
1790985828000000,84500.01000000,84500.01000000,84500.00000000,84500.01000000,0.05333000,1790985828999999,4506.38553120,4,0.05312000,4488.64053120,0
1790985829000000,84500.01000000,84500.01000000,84500.00000000,84500.00000000,0.05448000,1790985829999999,4603.56000650,5,0.00065000,54.92500650,0
1790985830000000,84500.01000000,84500.01000000,84500.00000000,84500.00000000,0.49958000,1790985830999999,42214.51000220,5,0.00022000,18.59000220,0
1790985831000000,84500.00000000,84500.01000000,84500.00000000,84500.01000000,0.03361000,1790985831999999,2840.04501110,6,0.00111000,93.79501110,0
1790985832000000,84500.00000000,84500.00000000,84500.00000000,84500.00000000,0.00476000,1790985832999999,402.22000000,2,0.00000000,0.00000000,0
1790985833000000,84500.01000000,84500.01000000,84500.00000000,84500.01000000,0.08265000,1790985833999999,6983.92505110,5,0.00511000,431.79505110,0
1790985834000000,84500.01000000,84500.01000000,84500.01000000,84500.01000000,0.11097000,1790985834999999,9376.96610970,6,0.11097000,9376.96610970,0
1790985835000000,84500.01000000,84500.01000000,84500.00000000,84500.01000000,0.00969000,1790985835999999,818.80501330,4,0.00133000,112.38501330,0
1790985836000000,84500.01000000,84500.01000000,84500.00000000,84500.01000000,0.11756000,1790985836999999,9933.82003410,8,0.00341000,288.14503410,0
1790985837000000,84500.00000000,84500.01000000,84500.00000000,84500.01000000,1.50151000,1790985837999999,126877.59500370,15,0.00037000,31.26500370,0
1790985838000000,84500.00000000,84500.01000000,84500.00000000,84500.01000000,0.00833000,1790985838999999,703.88504660,2,0.00466000,393.77004660,0
1790985839000000,84500.01000000,84500.01000000,84500.01000000,84500.01000000,0.00029000,1790985839999999,24.50500290,2,0.00029000,24.50500290,0
1790985840000000,84500.01000000,84500.01000000,84500.00000000,84500.01000000,0.00131000,1790985840999999,110.69500650,3,0.00065000,54.92500650,0
1790985841000000,84500.01000000,84500.01000000,84500.00000000,84500.00000000,0.02125000,1790985841999999,1795.62503240,9,0.00324000,273.78003240,0
1790985842000000,84500.00000000,84500.01000000,84500.00000000,84500.01000000,0.05213000,1790985842999999,4404.98550730,3,0.05073000,4286.68550730,0
1790985843000000,84500.00000000,84500.01000000,84500.00000000,84500.00000000,1.00771000,1790985843999999,85151.49503370,4,0.00337000,284.76503370,0
1790985844000000,84500.01000000,84500.01000000,84500.00000000,84500.01000000,0.00801000,1790985844999999,676.84501010,6,0.00101000,85.34501010,0
1790985845000000,84500.01000000,84500.01000000,84500.00000000,84500.00000000,0.00553000,1790985845999999,467.28500530,5,0.00053000,44.78500530,0
1790985846000000,84500.00000000,84500.01000000,84500.00000000,84500.00000000,0.01171000,1790985846999999,989.49501330,5,0.00133000,112.38501330,0
1790985847000000,84500.01000000,84500.01000000,84500.00000000,84500.01000000,0.00788000,1790985847999999,665.86004560,4,0.00456000,385.32004560,0
1790985848000000,84500.00000000,84500.01000000,84500.00000000,84500.01000000,0.10747000,1790985848999999,9081.21500110,6,0.00011000,9.29500110,0
1790985849000000,84500.01000000,84500.01000000,84500.00000000,84500.00000000,0.02726000,1790985849999999,2303.47004890,9,0.00489000,413.20504890,0
1790985850000000,84500.00000000,84500.01000000,84500.00000000,84500.00000000,0.04538000,1790985850999999,3834.61000200,7,0.00020000,16.90000200,0
1790985851000000,84500.00000000,84500.01000000,84500.00000000,84500.00000000,0.24700000,1790985851999999,20871.50001000,7,0.00100000,84.50001000,0
1790985852000000,84500.00000000,84500.01000000,84500.00000000,84500.01000000,0.00959000,1790985852999999,810.35500590,5,0.00059000,49.85500590,0
1790985853000000,84500.00000000,84500.01000000,84500.00000000,84500.01000000,0.03568000,1790985853999999,3014.96002930,9,0.00293000,247.58502930,0
1790985854000000,84500.00000000,84500.01000000,84500.00000000,84500.00000000,0.00926000,1790985854999999,782.47000260,4,0.00026000,21.97000260,0
1790985855000000,84500.01000000,84500.01000000,84500.01000000,84500.01000000,0.00080000,1790985855999999,67.60000800,5,0.00080000,67.60000800,0
1790985856000000,84500.01000000,84500.01000000,84500.00000000,84500.00000000,0.04431000,1790985856999999,3744.19502400,8,0.00240000,202.80002400,0
1790985857000000,84500.01000000,84500.01000000,84500.00000000,84500.01000000,0.01301000,1790985857999999,1099.34508590,6,0.00859000,725.85508590,0
1790985858000000,84500.01000000,84500.01000000,84496.00000000,84496.00000000,1.47828000,1790985858999999,124914.51425400,158,0.01213000,1024.98490950,0
1790985859000000,84496.01000000,84496.01000000,84496.00000000,84496.00000000,0.13851000,1790985859999999,11703.54232850,7,0.13685000,11563.27896850,0
1790985860000000,84496.01000000,84496.01000000,84495.99000000,84495.99000000,0.12293000,1790985860999999,10387.09327350,47,0.00082000,69.28672820,0
1790985861000000,84496.00000000,84496.00000000,84495.99000000,84496.00000000,0.01730000,1790985861999999,1461.78064070,25,0.00137000,115.75952000,0
1790985862000000,84495.99000000,84495.99000000,84490.02000000,84490.03000000,0.40824000,1790985862999999,34493.51453840,111,0.05402000,4564.15142060,0
1790985863000000,84490.02000000,84490.03000000,84490.02000000,84490.02000000,0.00402000,1790985863999999,339.64988130,4,0.00009000,7.60410270,0
1790985864000000,84490.03000000,84490.03000000,84490.02000000,84490.03000000,0.00609000,1790985864999999,514.54427700,5,0.00552000,466.38496560,0
1790985865000000,84490.03000000,84490.03000000,84490.03000000,84490.03000000,0.00591000,1790985865999999,499.33607730,1,0.00591000,499.33607730,0
1790985866000000,84490.03000000,84490.03000000,84490.03000000,84490.03000000,0.00120000,1790985866999999,101.38803600,4,0.00120000,101.38803600,0
1790985867000000,84490.03000000,84490.03000000,84490.02000000,84490.02000000,0.00992000,1790985867999999,838.14099910,3,0.00007000,5.91430210,0
1790985868000000,84490.03000000,84490.03000000,84490.02000000,84490.03000000,0.24135000,1790985868999999,20391.66712220,17,0.07952000,6718.64718560,0
1790985869000000,84490.03000000,84490.03000000,84490.02000000,84490.03000000,0.21671000,1790985869999999,18309.83223790,15,0.00037000,31.26131110,0
1790985870000000,84490.02000000,84490.02000000,84488.00000000,84488.00000000,0.32749000,1790985870999999,27669.58037200,97,0.00000000,0.00000000,0
1790985871000000,84488.01000000,84488.01000000,84486.08000000,84486.08000000,0.22685000,1790985871999999,19166.05844350,72,0.00180000,152.07841800,0
1790985872000000,84486.08000000,84486.08000000,84486.01000000,84486.01000000,0.06105000,1790985872999999,5157.87512170,28,0.00082000,69.27852820,0
1790985873000000,84486.01000000,84486.01000000,84486.00000000,84486.01000000,0.01171000,1790985873999999,989.33106200,4,0.00020000,16.89720200,0
1790985874000000,84486.01000000,84486.01000000,84486.01000000,84486.01000000,0.00000000,1790985874999999,0.00000000,0,0.00000000,0.00000000,0
1790985875000000,84486.00000000,84486.00000000,84480.30000000,84480.30000000,0.25932000,1790985875999999,21908.57988930,81,0.00000000,0.00000000,0
1790985876000000,84480.31000000,84480.31000000,84480.30000000,84480.31000000,0.00695000,1790985876999999,587.13811830,7,0.00333000,281.31943230,0
1790985877000000,84480.31000000,84480.31000000,84480.30000000,84480.30000000,0.03649000,1790985877999999,3082.68614960,20,0.00026000,21.96488060,0
1790985878000000,84480.30000000,84480.30000000,84480.00000000,84480.01000000,0.01574000,1790985878999999,1329.71672850,51,0.00274000,231.47522740,0
1790985879000000,84480.00000000,84480.01000000,84480.00000000,84480.00000000,0.00854000,1790985879999999,721.45920090,5,0.00009000,7.60320090,0
1790985880000000,84480.00000000,84480.00000000,84480.00000000,84480.00000000,0.00836000,1790985880999999,706.25280000,3,0.00000000,0.00000000,0
1790985881000000,84480.00000000,84480.01000000,84480.00000000,84480.01000000,0.01994000,1790985881999999,1684.53121600,45,0.00160000,135.16801600,0
1790985882000000,84480.00000000,84480.01000000,84480.00000000,84480.01000000,0.02816000,1790985882999999,2378.95680970,2,0.00097000,81.94560970,0
1790985883000000,84480.00000000,84480.00000000,84480.00000000,84480.00000000,0.26415000,1790985883999999,22315.39200000,26,0.00000000,0.00000000,0
1790985884000000,84480.00000000,84480.01000000,84480.00000000,84480.01000000,0.01801000,1790985884999999,1521.48480320,27,0.00032000,27.03360320,0
1790985885000000,84480.00000000,84480.00000000,84474.00000000,84475.80000000,0.19522000,1790985885999999,16491.55847360,142,0.00044000,37.17082200,0
1790985886000000,84475.79000000,84475.80000000,84475.79000000,84475.79000000,0.00471000,1790985886999999,397.88098200,44,0.00111000,93.76813800,0
1790985887000000,84475.79000000,84475.79000000,84474.01000000,84474.01000000,0.12517000,1790985887999999,10573.83315110,63,0.00000000,0.00000000,0
1790985888000000,84474.01000000,84474.01000000,84474.01000000,84474.01000000,0.22542000,1790985888999999,19042.13133420,26,0.00000000,0.00000000,0
1790985889000000,84474.01000000,84474.01000000,84468.79000000,84468.80000000,0.29350000,1790985889999999,24792.70842110,69,0.00009000,7.60219200,0
1790985890000000,84468.79000000,84468.80000000,84468.79000000,84468.80000000,0.03945000,1790985890999999,3332.29379880,2,0.00333000,281.28110400,0
1790985891000000,84468.79000000,84468.80000000,84468.79000000,84468.79000000,0.01048000,1790985891999999,885.23293870,5,0.00195000,164.71416000,0
1790985892000000,84468.80000000,84468.80000000,84468.79000000,84468.80000000,0.01000000,1790985892999999,844.68791660,3,0.00166000,140.21820800,0
1790985893000000,84468.80000000,84468.80000000,84468.79000000,84468.80000000,0.00085000,1790985893999999,71.79847500,3,0.00035000,29.56408000,0
1790985894000000,84468.79000000,84468.80000000,84468.79000000,84468.80000000,0.01118000,1790985894999999,944.36108960,3,0.00174000,146.97571200,0
1790985895000000,84468.80000000,84468.80000000,84468.00000000,84468.00000000,0.07263000,1790985895999999,6134.95574610,36,0.03022000,2552.64713600,0
1790985896000000,84468.01000000,84468.01000000,84466.01000000,84466.01000000,0.05429000,1790985896999999,4585.76436460,94,0.00156000,131.77009560,0
1790985897000000,84466.01000000,84475.78000000,84466.01000000,84475.78000000,1.32965000,1790985897999999,112312.41783800,307,1.32965000,112312.41783800,0
1790985898000000,84475.79000000,84475.79000000,84475.79000000,84475.79000000,0.00861000,1790985898999999,727.33655190,3,0.00861000,727.33655190,0
1790985899000000,84475.78000000,84475.78000000,84475.78000000,84475.78000000,0.00270000,1790985899999999,228.08460600,3,0.00000000,0.00000000,0
1790985900000000,84475.78000000,84475.79000000,84475.78000000,84475.79000000,0.02748000,1790985900999999,2321.39443850,7,0.00041000,34.63507390,0
1790985901000000,84475.79000000,84475.79000000,84475.79000000,84475.79000000,0.00173000,1790985901999999,146.14311670,5,0.00173000,146.14311670,0
1790985902000000,84475.78000000,84475.79000000,84475.78000000,84475.78000000,0.01793000,1790985902999999,1514.65073610,4,0.00007000,5.91330530,0
1790985903000000,84475.79000000,84475.79000000,84475.78000000,84475.79000000,0.00089000,1790985903999999,75.18344720,3,0.00030000,25.34273700,0
1790985904000000,84475.79000000,84475.79000000,84475.79000000,84475.79000000,0.00017000,1790985904999999,14.36088430,1,0.00017000,14.36088430,0
1790985905000000,84475.79000000,84475.79000000,84475.78000000,84475.78000000,0.04776000,1790985905999999,4034.56358080,6,0.03280000,2770.80591200,0
1790985906000000,84475.78000000,84475.79000000,84475.78000000,84475.79000000,0.00189000,1790985906999999,159.65923420,5,0.00100000,84.47579000,0
1790985907000000,84475.78000000,84475.79000000,84475.78000000,84475.79000000,0.00838000,1790985907999999,707.90706330,4,0.00269000,227.23987510,0
1790985908000000,84475.79000000,84475.79000000,84475.78000000,84475.79000000,0.00517000,1790985908999999,436.73980300,5,0.00204000,172.33061160,0
1790985909000000,84475.78000000,84475.79000000,84475.78000000,84475.78000000,0.09381000,1790985909999999,7924.67383180,6,0.09100000,7687.29689000,0
1790985910000000,84475.78000000,84475.78000000,84475.78000000,84475.78000000,0.00213000,1790985910999999,179.93341140,1,0.00000000,0.00000000,0
1790985911000000,84475.79000000,84475.79000000,84475.78000000,84475.79000000,0.01898000,1790985911999999,1603.35038080,7,0.00764000,645.39503560,0
1790985912000000,84475.79000000,84475.79000000,84475.79000000,84475.79000000,0.00000000,1790985912999999,0.00000000,0,0.00000000,0.00000000,0
1790985913000000,84475.78000000,84475.79000000,84475.78000000,84475.79000000,0.10583000,1790985913999999,8940.07263710,7,0.08397000,7093.43208630,0
1790985914000000,84475.79000000,84475.79000000,84475.78000000,84475.79000000,1.32027000,1790985914999999,111530.83852960,15,0.04690000,3961.91455100,0
1790985915000000,84475.79000000,84475.79000000,84475.78000000,84475.78000000,0.04402000,1790985915999999,3718.62383650,3,0.00009000,7.60282110,0
1790985916000000,84475.78000000,84475.79000000,84475.78000000,84475.79000000,0.01973000,1790985916999999,1666.70716710,9,0.00277000,233.99793830,0
1790985917000000,84475.78000000,84475.79000000,84475.78000000,84475.78000000,0.00272000,1790985917999999,229.77412420,3,0.00026000,21.96370540,0
1790985918000000,84475.79000000,84475.79000000,84475.79000000,84475.79000000,0.00007000,1790985918999999,5.91330530,1,0.00007000,5.91330530,0
1790985919000000,84475.79000000,84475.79000000,84475.79000000,84475.79000000,0.02110000,1790985919999999,1782.43916900,1,0.02110000,1782.43916900,0
1790985920000000,84475.78000000,84475.79000000,84475.78000000,84475.79000000,0.02317000,1790985920999999,1957.30382430,4,0.00017000,14.36088430,0
1790985921000000,84475.78000000,84475.79000000,84475.78000000,84475.79000000,0.00995000,1790985921999999,840.53402590,6,0.00149000,125.86892710,0
1790985922000000,84475.78000000,84475.79000000,84475.78000000,84475.78000000,0.03628000,1790985922999999,3064.78132290,4,0.00245000,206.96568550,0
1790985923000000,84475.78000000,84475.78000000,84475.78000000,84475.78000000,0.01446000,1790985923999999,1221.51977880,3,0.00000000,0.00000000,0
1790985924000000,84475.78000000,84475.79000000,84475.78000000,84475.79000000,0.00084000,1790985924999999,70.95965950,4,0.00043000,36.32458970,0
1790985925000000,84475.79000000,84475.79000000,84475.78000000,84475.78000000,0.00036000,1790985925999999,30.41128340,2,0.00026000,21.96370540,0
1790985926000000,84475.79000000,84475.79000000,84475.79000000,84475.79000000,0.11261000,1790985926999999,9512.81871190,8,0.11261000,9512.81871190,0
1790985927000000,84475.78000000,84475.79000000,84475.78000000,84475.79000000,0.00857000,1790985927999999,723.95743690,5,0.00023000,19.42943170,0
1790985928000000,84475.78000000,84475.79000000,84475.78000000,84475.79000000,0.10870000,1790985928999999,9182.51821460,18,0.09286000,7844.42185940,0
1790985929000000,84475.78000000,84475.79000000,84475.78000000,84475.78000000,0.05673000,1790985929999999,4792.31100790,5,0.00085000,71.80442150,0
1790985930000000,84475.79000000,84475.79000000,84475.79000000,84475.79000000,0.00045000,1790985930999999,38.01410550,2,0.00045000,38.01410550,0
1790985931000000,84475.78000000,84475.79000000,84475.78000000,84475.79000000,0.00654000,1790985931999999,552.47162580,5,0.00246000,207.81044340,0
1790985932000000,84475.78000000,84475.79000000,84475.78000000,84475.79000000,0.00524000,1790985932999999,442.65312760,3,0.00404000,341.28219160,0
1790985933000000,84475.78000000,84475.79000000,84475.78000000,84475.78000000,0.05212000,1790985933999999,4402.87765620,15,0.00026000,21.96370540,0
1790985934000000,84475.78000000,84475.79000000,84475.78000000,84475.78000000,0.00928000,1790985934999999,783.93524670,3,0.00083000,70.11490570,0
1790985935000000,84475.79000000,84475.79000000,84475.78000000,84475.79000000,0.01343000,1790985935999999,1134.50977640,5,0.00510000,430.82652900,0
1790985936000000,84475.78000000,84475.79000000,84475.78000000,84475.79000000,0.00120000,1790985936999999,101.37094600,4,0.00100000,84.47579000,0
1790985937000000,84475.79000000,84475.79000000,84475.78000000,84475.78000000,0.00175000,1790985937999999,147.83261910,4,0.00041000,34.63507390,0
1790985938000000,84475.78000000,84475.78000000,84475.78000000,84475.78000000,0.00000000,1790985938999999,0.00000000,0,0.00000000,0.00000000,0
1790985939000000,84475.78000000,84475.79000000,84475.78000000,84475.78000000,0.02172000,1790985939999999,1834.81407310,4,0.01315000,1110.85663850,0
1790985940000000,84475.79000000,84475.79000000,84475.78000000,84475.79000000,0.46996000,1790985940999999,39700.23768170,39,0.01129000,953.73166910,0
1790985941000000,84475.78000000,84475.79000000,84475.78000000,84475.79000000,0.00986000,1790985941999999,832.93120500,6,0.00142000,119.95562180,0
1790985942000000,84475.79000000,84475.79000000,84475.78000000,84475.79000000,0.04178000,1790985942999999,3529.39846910,7,0.03807000,3215.99332530,0
1790985943000000,84475.78000000,84475.78000000,84475.78000000,84475.78000000,0.00026000,1790985943999999,21.96370280,1,0.00000000,0.00000000,0
1790985944000000,84475.78000000,84475.79000000,84475.78000000,84475.79000000,0.00482000,1790985944999999,407.17330660,5,0.00470000,397.03621300,0
1790985945000000,84475.78000000,84475.79000000,84475.78000000,84475.79000000,0.00098000,1790985945999999,82.78626510,2,0.00007000,5.91330530,0
1790985946000000,84475.79000000,84475.79000000,84475.78000000,84475.79000000,0.01022000,1790985946999999,863.34249050,5,0.00189000,159.65924310,0
1790985947000000,84475.78000000,84475.78000000,84475.78000000,84475.78000000,0.01670000,1790985947999999,1410.74552600,2,0.00000000,0.00000000,0
1790985948000000,84475.78000000,84475.79000000,84475.78000000,84475.79000000,0.00136000,1790985948999999,114.88706720,3,0.00064000,54.06450560,0
1790985949000000,84475.79000000,84475.79000000,84474.84000000,84474.84000000,0.08236000,1790985949999999,6957.42496750,92,0.00048000,40.54829370,0
1790985950000000,84474.84000000,84474.84000000,84474.83000000,84474.83000000,0.00118000,1790985950999999,99.68029990,2,0.00005000,4.22374200,0
1790985951000000,84474.83000000,84474.83000000,84472.00000000,84472.00000000,0.05412000,1790985951999999,4571.68204650,203,0.00301000,254.26425610,0
1790985952000000,84472.01000000,84472.01000000,84472.01000000,84472.01000000,0.00151000,1790985952999999,127.55273510,4,0.00151000,127.55273510,0
1790985953000000,84472.01000000,84472.01000000,84472.01000000,84472.01000000,0.00000000,1790985953999999,0.00000000,0,0.00000000,0.00000000,0
1790985954000000,84472.00000000,84472.00000000,84472.00000000,84472.00000000,0.00293000,1790985954999999,247.50296000,1,0.00000000,0.00000000,0
1790985955000000,84472.00000000,84472.00000000,84466.00000000,84466.00000000,0.85993000,1790985955999999,72636.18764160,146,0.00123000,103.89319230,0
1790985956000000,84466.01000000,84466.01000000,84466.00000000,84466.01000000,0.00502000,1790985956999999,424.01933880,7,0.00188000,158.79609880,0
1790985957000000,84466.00000000,84466.01000000,84466.00000000,84466.01000000,0.60036000,1790985957999999,50710.00802580,37,0.02658000,2245.10654580,0
1790985958000000,84466.01000000,84466.01000000,84462.00000000,84462.00000000,0.24012000,1790985958999999,20281.90632530,63,0.00232000,195.96114320,0
1790985959000000,84462.00000000,84462.01000000,84462.00000000,84462.00000000,0.01772000,1790985959999999,1496.66671490,8,0.00749000,632.62045490,0
1790985960000000,84462.01000000,84462.01000000,84462.00000000,84462.00000000,0.01166000,1790985960999999,984.82692090,5,0.00009000,7.60158090,0
1790985961000000,84462.00000000,84462.01000000,84462.00000000,84462.01000000,0.00916000,1790985961999999,773.67192820,3,0.00082000,69.25884820,0
1790985962000000,84462.01000000,84462.01000000,84462.00000000,84462.00000000,0.08260000,1790985962999999,6976.56123470,6,0.00347000,293.08317470,0
1790985963000000,84462.01000000,84462.01000000,84462.00000000,84462.00000000,0.00046000,1790985963999999,38.85252230,2,0.00023000,19.42626230,0
1790985964000000,84462.00000000,84462.01000000,84462.00000000,84462.01000000,0.00421000,1790985964999999,355.58502400,5,0.00040000,33.78480400,0
1790985965000000,84462.01000000,84462.01000000,84462.01000000,84462.01000000,0.07212000,1790985965999999,6091.40016120,6,0.07212000,6091.40016120,0
1790985966000000,84462.01000000,84462.01000000,84462.01000000,84462.01000000,0.00161000,1790985966999999,135.98383610,4,0.00161000,135.98383610,0
1790985967000000,84462.01000000,84462.01000000,84462.00000000,84462.01000000,0.01666000,1790985967999999,1407.13693090,4,0.00109000,92.06359090,0
1790985968000000,84462.00000000,84462.00000000,84462.00000000,84462.00000000,0.00309000,1790985968999999,260.98758000,2,0.00000000,0.00000000,0
1790985969000000,84462.00000000,84462.00000000,84462.00000000,84462.00000000,0.00023000,1790985969999999,19.42626000,1,0.00000000,0.00000000,0
1790985970000000,84462.00000000,84462.01000000,84462.00000000,84462.01000000,0.00023000,1790985970999999,19.42626070,2,0.00007000,5.91234070,0
1790985971000000,84462.01000000,84462.01000000,84461.99000000,84461.99000000,0.11167000,1790985971999999,9431.87137840,67,0.00115000,97.13131150,0
1790985972000000,84462.00000000,84462.00000000,84461.99000000,84462.00000000,0.01116000,1790985972999999,942.59583570,7,0.00273000,230.58126000,0
1790985973000000,84462.00000000,84462.00000000,84461.99000000,84462.00000000,0.08608000,1790985973999999,7270.48884130,5,0.07421000,6267.92502000,0
1790985974000000,84462.00000000,84462.00000000,84461.99000000,84462.00000000,0.00862000,1790985974999999,728.06235640,3,0.00026000,21.96012000,0
1790985975000000,84462.00000000,84462.00000000,84461.99000000,84461.99000000,0.00342000,1790985975999999,288.86001160,3,0.00058000,48.98796000,0
1790985976000000,84462.00000000,84462.00000000,84461.99000000,84461.99000000,0.01252000,1790985976999999,1057.46417890,8,0.00641000,541.40142000,0
1790985977000000,84462.00000000,84462.00000000,84461.99000000,84461.99000000,0.05272000,1790985977999999,4452.83624600,11,0.01332000,1125.03384000,0
1790985978000000,84462.00000000,84462.00000000,84461.99000000,84462.00000000,0.02441000,1790985978999999,2061.71733360,8,0.01577000,1331.96574000,0
1790985979000000,84462.00000000,84462.00000000,84461.33000000,84461.34000000,1.17332000,1790985979999999,99100.72093200,111,0.00300000,253.38443580,0
1790985980000000,84461.34000000,84463.26000000,84461.34000000,84463.26000000,2.18409000,1790985980999999,184471.64703950,159,2.18409000,184471.64703950,0
1790985981000000,84463.26000000,84471.69000000,84463.26000000,84471.68000000,0.22893000,1790985981999999,19337.13123820,109,0.22593000,19083.71619820,0
1790985982000000,84471.69000000,84471.69000000,84471.68000000,84471.68000000,0.05562000,1790985982999999,4698.31529530,8,0.04537000,3832.48057530,0
1790985983000000,84471.69000000,84471.69000000,84471.69000000,84471.69000000,0.00657000,1790985983999999,554.97900330,3,0.00657000,554.97900330,0
1790985984000000,84471.69000000,84471.69000000,84471.68000000,84471.69000000,0.00927000,1790985984999999,783.05248290,3,0.00093000,78.55867170,0
1790985985000000,84471.69000000,84471.69000000,84471.68000000,84471.68000000,0.00856000,1790985985999999,723.07758310,2,0.00023000,19.42848870,0
1790985986000000,84471.68000000,84471.69000000,84471.68000000,84471.69000000,0.01094000,1790985986999999,924.12020630,3,0.00271000,228.91827990,0
1790985987000000,84471.69000000,84471.69000000,84471.68000000,84471.69000000,0.00887000,1790985987999999,749.26386900,7,0.00674000,569.33919060,0
1790985988000000,84471.69000000,84471.69000000,84471.68000000,84471.69000000,0.04244000,1790985988999999,3584.97852130,7,0.04221000,3565.55003490,0
1790985989000000,84471.69000000,84471.69000000,84471.68000000,84471.69000000,0.00329000,1790985989999999,277.91183760,6,0.00104000,87.85055760,0
1790985990000000,84471.69000000,84471.69000000,84471.69000000,84471.69000000,0.00291000,1790985990999999,245.81261790,1,0.00291000,245.81261790,0
1790985991000000,84471.69000000,84471.69000000,84471.69000000,84471.69000000,0.00059000,1790985991999999,49.83829710,3,0.00059000,49.83829710,0
1790985992000000,84471.69000000,84471.69000000,84471.68000000,84471.69000000,0.05736000,1790985992999999,4845.29610290,6,0.05381000,4545.42163890,0
1790985993000000,84471.68000000,84471.69000000,84471.68000000,84471.69000000,0.00344000,1790985993999999,290.58258360,2,0.00044000,37.16754360,0
1790985994000000,84471.69000000,84471.69000000,84471.69000000,84471.69000000,0.00065000,1790985994999999,54.90659850,2,0.00065000,54.90659850,0
1790985995000000,84471.69000000,84471.69000000,84471.69000000,84471.69000000,0.00000000,1790985995999999,0.00000000,0,0.00000000,0.00000000,0
1790985996000000,84471.69000000,84471.69000000,84471.68000000,84471.69000000,0.00842000,1790985996999999,711.25157710,6,0.00315000,266.08582350,0
1790985997000000,84471.69000000,84471.69000000,84471.68000000,84471.68000000,0.00980000,1790985997999999,827.82247840,6,0.00144000,121.63923360,0
1790985998000000,84471.68000000,84471.68000000,84471.68000000,84471.68000000,0.00000000,1790985998999999,0.00000000,0,0.00000000,0.00000000,0
1790985999000000,84471.69000000,84472.01000000,84471.69000000,84472.00000000,0.56677000,1790985999999999,47876.03365910,163,0.52221000,44111.96133910,0
1790986000000000,84472.00000000,84472.00000000,84472.00000000,84472.00000000,0.00000000,1790986000999999,0.00000000,0,0.00000000,0.00000000,0
1790986001000000,84472.00000000,84472.00000000,84472.00000000,84472.00000000,0.00023000,1790986001999999,19.42856000,1,0.00000000,0.00000000,0
1790986002000000,84472.01000000,84472.01000000,84472.00000000,84472.01000000,0.01095000,1790986002999999,924.96842610,7,0.00261000,220.47194610,0
1790986003000000,84472.01000000,84472.01000000,84472.00000000,84472.01000000,0.00978000,1790986003999999,826.13617420,3,0.00142000,119.95025420,0
1790986004000000,84472.01000000,84472.01000000,84472.00000000,84472.01000000,0.00077000,1790986004999999,65.04344650,4,0.00065000,54.90680650,0
1790986005000000,84472.01000000,84472.01000000,84472.01000000,84472.01000000,0.00026000,1790986005999999,21.96272260,1,0.00026000,21.96272260,0
1790986006000000,84472.00000000,84472.00000000,84472.00000000,84472.00000000,0.00010000,1790986006999999,8.44720000,1,0.00000000,0.00000000,0
1790986007000000,84472.01000000,84472.01000000,84472.00000000,84472.01000000,0.00437000,1790986007999999,369.14265370,5,0.00137000,115.72665370,0
1790986008000000,84472.00000000,84472.01000000,84472.00000000,84472.01000000,0.01115000,1790986008999999,941.86282820,2,0.00282000,238.21106820,0
1790986009000000,84472.00000000,84472.00000000,84472.00000000,84472.00000000,0.00079000,1790986009999999,66.73288000,1,0.00000000,0.00000000,0
1790986010000000,84472.00000000,84472.01000000,84472.00000000,84472.01000000,0.00083000,1790986010999999,70.11176090,2,0.00009000,7.60248090,0
1790986011000000,84472.00000000,84472.00000000,84472.00000000,84472.00000000,0.00616000,1790986011999999,520.34752000,17,0.00000000,0.00000000,0
1790986012000000,84472.01000000,84472.01000000,84471.68000000,84471.68000000,0.08127000,1790986012999999,6865.03892210,151,0.00132000,111.50295080,0
1790986013000000,84471.69000000,84471.69000000,84471.69000000,84471.69000000,0.00073000,1790986013999999,61.66433370,2,0.00073000,61.66433370,0
1790986014000000,84471.69000000,84471.69000000,84471.69000000,84471.69000000,0.00000000,1790986014999999,0.00000000,0,0.00000000,0.00000000,0
1790986015000000,84471.69000000,84471.69000000,84471.68000000,84471.69000000,0.00202000,1790986015999999,170.63279520,3,0.00016000,13.51547040,0
1790986016000000,84471.69000000,84471.69000000,84471.69000000,84471.69000000,0.00000000,1790986016999999,0.00000000,0,0.00000000,0.00000000,0
1790986017000000,84471.69000000,84471.69000000,84471.69000000,84471.69000000,0.04808000,1790986017999999,4061.39885520,6,0.04808000,4061.39885520,0
1790986018000000,84471.69000000,84471.69000000,84471.69000000,84471.69000000,0.07005000,1790986018999999,5917.24188450,3,0.07005000,5917.24188450,0
1790986019000000,84471.68000000,84471.68000000,84471.68000000,84471.68000000,0.06202000,1790986019999999,5238.93359360,13,0.00000000,0.00000000,0
1790986020000000,84471.68000000,84471.69000000,84471.68000000,84471.69000000,0.00079000,1790986020999999,66.73263040,2,0.00032000,27.03094080,0
1790986021000000,84471.69000000,84471.69000000,84471.69000000,84471.69000000,0.00215000,1790986021999999,181.61413350,2,0.00215000,181.61413350,0
1790986022000000,84471.69000000,84471.69000000,84471.68000000,84471.69000000,0.00315000,1790986022999999,266.08580350,6,0.00115000,97.14244350,0
1790986023000000,84471.68000000,84471.69000000,84471.68000000,84471.69000000,0.00202000,1790986023999999,170.63280440,3,0.00108000,91.22942520,0
1790986024000000,84471.69000000,84471.69000000,84471.69000000,84471.69000000,0.00894000,1790986024999999,755.17690860,2,0.00894000,755.17690860,0
1790986025000000,84471.69000000,84471.69000000,84471.68000000,84471.68000000,0.00580000,1790986025999999,489.93574490,2,0.00009000,7.60245210,0
1790986026000000,84471.68000000,84471.69000000,84471.68000000,84471.68000000,0.01088000,1790986026999999,919.05187970,5,0.00013000,10.98131970,0
1790986027000000,84471.69000000,84471.69000000,84470.01000000,84470.01000000,0.39154000,1790986027999999,33074.01095540,182,0.00109000,92.07401970,0
1790986028000000,84470.00000000,84470.01000000,84470.00000000,84470.01000000,0.01456000,1790986028999999,1229.88325940,6,0.00594000,501.75185940,0
1790986029000000,84470.01000000,84470.01000000,84470.01000000,84470.01000000,0.00026000,1790986029999999,21.96220260,1,0.00026000,21.96220260,0
1790986030000000,84470.01000000,84470.01000000,84470.00000000,84470.01000000,0.00566000,1790986030999999,478.10021770,5,0.00177000,149.51191770,0
1790986031000000,84470.00000000,84470.00000000,84470.00000000,84470.00000000,0.14800000,1790986031999999,12501.56000000,26,0.00000000,0.00000000,0
1790986032000000,84470.01000000,84470.01000000,84470.00000000,84470.01000000,0.01037000,1790986032999999,875.95392980,6,0.00298000,251.72062980,0
1790986033000000,84470.00000000,84470.01000000,84470.00000000,84470.01000000,0.00372000,1790986033999999,314.22840080,2,0.00008000,6.75760080,0
1790986034000000,84470.00000000,84470.00000000,84470.00000000,84470.00000000,0.00277000,1790986034999999,233.98190000,3,0.00000000,0.00000000,0
1790986035000000,84470.00000000,84470.01000000,84470.00000000,84470.01000000,0.24455000,1790986035999999,20657.13851340,33,0.00134000,113.18981340,0
1790986036000000,84470.00000000,84470.01000000,84470.00000000,84470.01000000,0.00241000,1790986036999999,203.57272210,4,0.00221000,186.67872210,0
1790986037000000,84470.01000000,84470.01000000,84470.00000000,84470.00000000,0.06830000,1790986037999999,5769.30130860,6,0.03086000,2606.74450860,0
1790986038000000,84470.00000000,84470.01000000,84470.00000000,84470.00000000,0.00548000,1790986038999999,462.89560090,5,0.00009000,7.60230090,0
1790986039000000,84470.00000000,84470.01000000,84470.00000000,84470.01000000,0.00476000,1790986039999999,402.07722570,6,0.00257000,217.08792570,0
1790986040000000,84470.01000000,84470.01000000,84470.00000000,84470.00000000,0.03800000,1790986040999999,3209.86000090,4,0.00009000,7.60230090,0
1790986041000000,84470.00000000,84470.01000000,84470.00000000,84470.01000000,0.01297000,1790986041999999,1095.57592720,4,0.00272000,229.75842720,0
1790986042000000,84470.01000000,84470.01000000,84470.00000000,84470.01000000,0.33406000,1790986042999999,28218.04824000,48,0.00400000,337.88004000,0
1790986043000000,84470.00000000,84470.01000000,84470.00000000,84470.01000000,0.11080000,1790986043999999,9359.27600530,2,0.00053000,44.76910530,0
1790986044000000,84470.00000000,84470.01000000,84470.00000000,84470.00000000,0.00247000,1790986044999999,208.64090320,3,0.00032000,27.03040320,0
1790986045000000,84470.00000000,84470.01000000,84470.00000000,84470.01000000,0.32350000,1790986045999999,27326.04505930,10,0.00593000,500.90715930,0
1790986046000000,84470.00000000,84470.00000000,84468.56000000,84469.90000000,0.09787000,1790986046999999,8267.07226330,187,0.00571000,482.32318610,0
1790986047000000,84469.91000000,84469.91000000,84460.10000000,84460.11000000,0.30741000,1790986047999999,25965.30833590,313,0.00227000,191.73424970,0
1790986048000000,84460.10000000,84460.11000000,84460.10000000,84460.11000000,0.11609000,1790986048999999,9804.97401050,7,0.10015000,8458.68001650,0
1790986049000000,84460.11000000,84460.11000000,84460.11000000,84460.11000000,0.00139000,1790986049999999,117.39955290,2,0.00139000,117.39955290,0
1790986050000000,84460.11000000,84460.11000000,84460.11000000,84460.11000000,0.00020000,1790986050999999,16.89202200,1,0.00020000,16.89202200,0
1790986051000000,84460.11000000,84460.11000000,84460.10000000,84460.10000000,0.00503000,1790986051999999,424.83432190,3,0.00189000,159.62960790,0
1790986052000000,84460.11000000,84460.11000000,84460.10000000,84460.10000000,0.00734000,1790986052999999,619.93714720,6,0.00132000,111.48734520,0
1790986053000000,84460.11000000,84460.11000000,84460.10000000,84460.11000000,0.00284000,1790986053999999,239.86669480,5,0.00108000,91.21691880,0
1790986054000000,84460.11000000,84460.11000000,84460.11000000,84460.11000000,0.00018000,1790986054999999,15.20281980,2,0.00018000,15.20281980,0
1790986055000000,84460.10000000,84460.10000000,84460.10000000,84460.10000000,0.00093000,1790986055999999,78.54789300,1,0.00000000,0.00000000,0
1790986056000000,84460.10000000,84460.11000000,84460.10000000,84460.11000000,0.00082000,1790986056999999,69.25728420,2,0.00022000,18.58122420,0
1790986057000000,84460.11000000,84460.11000000,84460.10000000,84460.10000000,0.00116000,1790986057999999,97.97372600,3,0.00100000,84.46011000,0
1790986058000000,84460.10000000,84460.10000000,84460.10000000,84460.10000000,0.01241000,1790986058999999,1048.14984100,2,0.00000000,0.00000000,0
1790986059000000,84460.11000000,84460.11000000,84460.11000000,84460.11000000,0.00010000,1790986059999999,8.44601100,1,0.00010000,8.44601100,0
1790986060000000,84460.11000000,84460.11000000,84460.11000000,84460.11000000,0.00363000,1790986060999999,306.59019930,3,0.00363000,306.59019930,0
1790986061000000,84460.11000000,84460.11000000,84460.10000000,84460.11000000,0.00141000,1790986061999999,119.08874690,3,0.00059000,49.83146490,0
1790986062000000,84460.11000000,84460.11000000,84460.10000000,84460.11000000,0.00284000,1790986062999999,239.86669920,7,0.00152000,128.37936720,0
1790986063000000,84460.11000000,84460.11000000,84460.10000000,84460.10000000,0.00213000,1790986063999999,179.90001530,2,0.00023000,19.42582530,0
1790986064000000,84460.11000000,84460.11000000,84460.10000000,84460.10000000,0.01150000,1790986064999999,971.29115140,3,0.00014000,11.82441540,0
1790986065000000,84460.10000000,84460.10000000,84460.10000000,84460.10000000,0.00834000,1790986065999999,704.39723400,1,0.00000000,0.00000000,0
1790986066000000,84460.10000000,84460.10000000,84460.10000000,84460.10000000,0.00917000,1790986066999999,774.49911700,2,0.00000000,0.00000000,0
1790986067000000,84460.11000000,84460.11000000,84460.10000000,84460.11000000,0.00136000,1790986067999999,114.86574700,4,0.00110000,92.90612100,0
1790986068000000,84460.10000000,84460.11000000,84460.10000000,84460.11000000,0.03774000,1790986068999999,3187.52454490,4,0.03709000,3132.62547990,0
1790986069000000,84460.11000000,84460.11000000,84460.10000000,84460.10000000,0.00566000,1790986069999999,478.04417040,5,0.00044000,37.16244840,0
1790986070000000,84460.10000000,84460.10000000,84460.10000000,84460.10000000,0.03406000,1790986070999999,2876.71100600,4,0.00000000,0.00000000,0
1790986071000000,84460.10000000,84460.10000000,84460.10000000,84460.10000000,0.00000000,1790986071999999,0.00000000,0,0.00000000,0.00000000,0
1790986072000000,84460.11000000,84460.11000000,84460.10000000,84460.11000000,0.00158000,1790986072999999,133.44697300,4,0.00150000,126.69016500,0
1790986073000000,84460.10000000,84460.11000000,84460.10000000,84460.11000000,0.00278000,1790986073999999,234.79908830,3,0.00103000,86.99391330,0
1790986074000000,84460.11000000,84460.11000000,84460.11000000,84460.11000000,0.00000000,1790986074999999,0.00000000,0,0.00000000,0.00000000,0
1790986075000000,84460.10000000,84460.10000000,84460.10000000,84460.10000000,0.00201000,1790986075999999,169.76480100,1,0.00000000,0.00000000,0
1790986076000000,84460.11000000,84460.11000000,84460.10000000,84460.11000000,0.02198000,1790986076999999,1856.43312360,7,0.01256000,1060.81898160,0
1790986077000000,84460.11000000,84460.11000000,84460.10000000,84460.11000000,0.00793000,1790986077999999,669.76863900,8,0.00460000,388.51650600,0
1790986078000000,84460.11000000,84460.11000000,84460.11000000,84460.11000000,0.00120000,1790986078999999,101.35213200,2,0.00120000,101.35213200,0
1790986079000000,84460.10000000,84460.11000000,84460.10000000,84460.11000000,0.00477000,1790986079999999,402.87469470,2,0.00177000,149.49439470,0
1790986080000000,84460.10000000,84460.11000000,84460.10000000,84460.11000000,0.01372000,1790986080999999,1158.79269030,5,0.01183000,999.16310130,0
1790986081000000,84460.11000000,84460.11000000,84460.11000000,84460.11000000,0.00029000,1790986081999999,24.49343190,1,0.00029000,24.49343190,0
1790986082000000,84460.11000000,84460.11000000,84460.11000000,84460.11000000,0.00100000,1790986082999999,84.46011000,1,0.00100000,84.46011000,0
1790986083000000,84460.11000000,84460.11000000,84460.11000000,84460.11000000,0.00016000,1790986083999999,13.51361760,1,0.00016000,13.51361760,0
1790986084000000,84460.11000000,84460.11000000,84460.11000000,84460.11000000,0.00124000,1790986084999999,104.73053640,3,0.00124000,104.73053640,0
1790986085000000,84460.10000000,84460.10000000,84460.10000000,84460.10000000,0.04580000,1790986085999999,3868.27258000,17,0.00000000,0.00000000,0
1790986086000000,84460.10000000,84460.10000000,84460.10000000,84460.10000000,0.00026000,1790986086999999,21.95962600,1,0.00000000,0.00000000,0
1790986087000000,84460.11000000,84460.11000000,84460.11000000,84460.11000000,0.07223000,1790986087999999,6100.55374530,4,0.07223000,6100.55374530,0
1790986088000000,84460.11000000,84460.11000000,84460.11000000,84460.11000000,0.00000000,1790986088999999,0.00000000,0,0.00000000,0.00000000,0
1790986089000000,84460.11000000,84460.11000000,84460.11000000,84460.11000000,0.00225000,1790986089999999,190.03524750,2,0.00225000,190.03524750,0
1790986090000000,84460.11000000,84460.11000000,84460.11000000,84460.11000000,0.00000000,1790986090999999,0.00000000,0,0.00000000,0.00000000,0
1790986091000000,84460.11000000,84460.11000000,84460.10000000,84460.10000000,0.00356000,1790986091999999,300.67796160,2,0.00056000,47.29766160,0
1790986092000000,84460.11000000,84460.11000000,84460.11000000,84460.11000000,0.00119000,1790986092999999,100.50753090,1,0.00119000,100.50753090,0
1790986093000000,84460.11000000,84460.11000000,84460.11000000,84460.11000000,0.07993000,1790986093999999,6750.89659230,1,0.07993000,6750.89659230,0
1790986094000000,84460.11000000,84460.11000000,84460.11000000,84460.11000000,0.00066000,1790986094999999,55.74367260,4,0.00066000,55.74367260,0
1790986095000000,84460.10000000,84460.11000000,84460.10000000,84460.11000000,0.00688000,1790986095999999,581.08548980,2,0.00018000,15.20281980,0
1790986096000000,84460.11000000,84460.11000000,84460.10000000,84460.11000000,0.00302000,1790986096999999,255.06953150,3,0.00295000,249.15732450,0
1790986097000000,84460.11000000,84460.11000000,84460.10000000,84460.10000000,0.00958000,1790986097999999,809.12784910,6,0.00911000,769.43160210,0
1790986098000000,84460.11000000,84460.11000000,84460.11000000,84460.11000000,0.00027000,1790986098999999,22.80422970,2,0.00027000,22.80422970,0
1790986099000000,84460.10000000,84460.10000000,84460.10000000,84460.10000000,0.01893000,1790986099999999,1598.82969300,1,0.00000000,0.00000000,0
1790986100000000,84460.11000000,84460.11000000,84460.10000000,84460.10000000,0.00178000,1790986100999999,150.33898930,2,0.00113000,95.43992430,0
1790986101000000,84460.11000000,84460.11000000,84460.11000000,84460.11000000,0.02367000,1790986101999999,1999.17080370,1,0.02367000,1999.17080370,0
1790986102000000,84460.10000000,84460.11000000,84460.10000000,84460.10000000,0.00894000,1790986102999999,755.07330050,3,0.00065000,54.89907150,0
1790986103000000,84460.10000000,84460.10000000,84460.10000000,84460.10000000,0.00000000,1790986103999999,0.00000000,0,0.00000000,0.00000000,0
1790986104000000,84460.11000000,84460.11000000,84460.10000000,84460.10000000,0.02856000,1790986104999999,2412.18045840,2,0.00024000,20.27042640,0
1790986105000000,84460.11000000,84460.11000000,84460.11000000,84460.11000000,0.00212000,1790986105999999,179.05543320,3,0.00212000,179.05543320,0
1790986106000000,84460.11000000,84460.11000000,84460.10000000,84460.10000000,0.02366000,1790986106999999,1998.32607130,5,0.01053000,889.36495830,0
1790986107000000,84460.10000000,84460.11000000,84460.10000000,84460.11000000,0.00348000,1790986107999999,293.92115150,3,0.00035000,29.56103850,0
1790986108000000,84460.11000000,84460.11000000,84460.11000000,84460.11000000,0.09863000,1790986108999999,8330.30064930,3,0.09863000,8330.30064930,0
1790986109000000,84460.11000000,84460.11000000,84460.11000000,84460.11000000,0.00000000,1790986109999999,0.00000000,0,0.00000000,0.00000000,0
1790986110000000,84460.11000000,84460.11000000,84460.11000000,84460.11000000,0.00000000,1790986110999999,0.00000000,0,0.00000000,0.00000000,0
1790986111000000,84460.11000000,84460.11000000,84460.11000000,84460.11000000,0.00000000,1790986111999999,0.00000000,0,0.00000000,0.00000000,0
1790986112000000,84460.10000000,84460.10000000,84460.10000000,84460.10000000,0.01542000,1790986112999999,1302.37474200,3,0.00000000,0.00000000,0
1790986113000000,84460.10000000,84460.11000000,84460.10000000,84460.10000000,0.09693000,1790986113999999,8186.71844210,4,0.09491000,8016.10904010,0
1790986114000000,84460.11000000,84460.11000000,84460.11000000,84460.11000000,0.00135000,1790986114999999,114.02114850,2,0.00135000,114.02114850,0
1790986115000000,84460.10000000,84460.10000000,84460.10000000,84460.10000000,0.00011000,1790986115999999,9.29061100,1,0.00000000,0.00000000,0
1790986116000000,84460.11000000,84460.11000000,84460.10000000,84460.11000000,0.03980000,1790986116999999,3361.51236990,3,0.03899000,3293.09968890,0
1790986117000000,84460.11000000,84460.11000000,84460.11000000,84460.11000000,0.08544000,1790986117999999,7216.27179840,4,0.08544000,7216.27179840,0
1790986118000000,84460.10000000,84460.10000000,84460.10000000,84460.10000000,0.10648000,1790986118999999,8993.31144800,5,0.00000000,0.00000000,0
1790986119000000,84460.11000000,84460.11000000,84460.11000000,84460.11000000,0.00034000,1790986119999999,28.71643740,1,0.00034000,28.71643740,0
1790986120000000,84460.10000000,84460.11000000,84460.10000000,84460.11000000,0.00693000,1790986120999999,585.30855650,2,0.00635000,536.32169850,0
1790986121000000,84460.11000000,84460.11000000,84460.11000000,84460.11000000,0.00000000,1790986121999999,0.00000000,0,0.00000000,0.00000000,0
1790986122000000,84460.11000000,84460.11000000,84460.11000000,84460.11000000,0.00000000,1790986122999999,0.00000000,0,0.00000000,0.00000000,0
1790986123000000,84460.11000000,84460.11000000,84460.11000000,84460.11000000,0.13270000,1790986123999999,11207.85659700,1,0.13270000,11207.85659700,0
1790986124000000,84460.11000000,84460.11000000,84460.10000000,84460.11000000,0.01271000,1790986124999999,1073.48788140,3,0.00104000,87.83851440,0
1790986125000000,84460.11000000,84460.11000000,84460.11000000,84460.11000000,0.00502000,1790986125999999,423.98975220,4,0.00502000,423.98975220,0
1790986126000000,84460.10000000,84460.10000000,84460.10000000,84460.10000000,0.00052000,1790986126999999,43.91925200,2,0.00000000,0.00000000,0
1790986127000000,84460.10000000,84460.10000000,84460.10000000,84460.10000000,0.01528000,1790986127999999,1290.55032800,2,0.00000000,0.00000000,0
1790986128000000,84460.11000000,84460.11000000,84460.11000000,84460.11000000,0.00602000,1790986128999999,508.44986220,2,0.00602000,508.44986220,0
1790986129000000,84460.11000000,84460.11000000,84460.11000000,84460.11000000,0.00020000,1790986129999999,16.89202200,2,0.00020000,16.89202200,0
1790986130000000,84460.10000000,84460.11000000,84460.10000000,84460.11000000,0.04297000,1790986130999999,3629.25054850,5,0.00515000,434.96956650,0
1790986131000000,84460.11000000,84460.11000000,84460.11000000,84460.11000000,0.00032000,1790986131999999,27.02723520,2,0.00032000,27.02723520,0
1790986132000000,84460.11000000,84460.11000000,84460.11000000,84460.11000000,0.00000000,1790986132999999,0.00000000,0,0.00000000,0.00000000,0
1790986133000000,84460.11000000,84460.11000000,84460.11000000,84460.11000000,0.00000000,1790986133999999,0.00000000,0,0.00000000,0.00000000,0
1790986134000000,84460.11000000,84460.11000000,84460.11000000,84460.11000000,0.00000000,1790986134999999,0.00000000,0,0.00000000,0.00000000,0
1790986135000000,84460.10000000,84460.11000000,84460.00000000,84460.00000000,2.87462000,1790986135999999,242790.60448890,166,0.00011000,9.29061210,0
1790986136000000,84460.01000000,84460.01000000,84460.00000000,84460.00000000,0.01122000,1790986136999999,947.64120330,2,0.00033000,27.87180330,0
1790986137000000,84460.01000000,84460.01000000,84460.01000000,84460.01000000,0.00030000,1790986137999999,25.33800300,1,0.00030000,25.33800300,0
1790986138000000,84460.01000000,84460.01000000,84460.01000000,84460.01000000,0.00013000,1790986138999999,10.97980130,1,0.00013000,10.97980130,0
1790986139000000,84460.00000000,84460.00000000,84458.88000000,84458.89000000,0.42604000,1790986139999999,35983.20577990,162,0.08551000,7222.07968390,0
1790986140000000,84458.89000000,84458.89000000,84458.88000000,84458.89000000,0.04670000,1790986140999999,3944.23014470,14,0.04487000,3789.67039430,0
1790986141000000,84458.89000000,84458.89000000,84458.43000000,84458.43000000,0.11042000,1790986141999999,9325.92532130,81,0.05542000,4680.69700030,0
1790986142000000,84458.43000000,84458.44000000,84458.43000000,84458.43000000,0.01250000,1790986142999999,1055.73038650,20,0.00115000,97.12720600,0
1790986143000000,84458.43000000,84458.44000000,84458.43000000,84458.44000000,0.00225000,1790986143999999,190.03147000,6,0.00025000,21.11461000,0
1790986144000000,84458.44000000,84458.44000000,84458.44000000,84458.44000000,0.00000000,1790986144999999,0.00000000,0,0.00000000,0.00000000,0
1790986145000000,84458.43000000,84458.43000000,84458.43000000,84458.43000000,0.00188000,1790986145999999,158.78184840,1,0.00000000,0.00000000,0
1790986146000000,84458.43000000,84458.43000000,84458.43000000,84458.43000000,0.02050000,1790986146999999,1731.39781500,29,0.00000000,0.00000000,0
1790986147000000,84458.43000000,84458.43000000,84458.43000000,84458.43000000,0.00019000,1790986147999999,16.04710170,1,0.00000000,0.00000000,0
1790986148000000,84458.44000000,84458.44000000,84458.43000000,84458.43000000,0.00234000,1790986148999999,197.63274290,2,0.00167000,141.04559480,0
1790986149000000,84458.43000000,84458.43000000,84456.67000000,84456.67000000,0.23760000,1790986149999999,20067.03327250,128,0.00000000,0.00000000,0
1790986150000000,84456.67000000,84456.67000000,84456.67000000,84456.67000000,0.06600000,1790986150999999,5574.14022000,25,0.00000000,0.00000000,0
1790986151000000,84456.67000000,84456.67000000,84456.67000000,84456.67000000,0.00011000,1790986151999999,9.29023370,1,0.00000000,0.00000000,0
1790986152000000,84456.67000000,84456.67000000,84456.67000000,84456.67000000,0.00000000,1790986152999999,0.00000000,0,0.00000000,0.00000000,0
1790986153000000,84456.67000000,84456.67000000,84456.67000000,84456.67000000,0.01000000,1790986153999999,844.56670000,1,0.00000000,0.00000000,0
1790986154000000,84456.67000000,84456.68000000,84456.67000000,84456.68000000,0.02800000,1790986154999999,2364.78676330,6,0.00033000,27.87070440,0
1790986155000000,84456.67000000,84456.67000000,84456.67000000,84456.67000000,0.00071000,1790986155999999,59.96423570,9,0.00000000,0.00000000,0
1790986156000000,84456.67000000,84456.67000000,84456.67000000,84456.67000000,0.01012000,1790986156999999,854.70150040,12,0.00000000,0.00000000,0
1790986157000000,84456.67000000,84456.67000000,84456.67000000,84456.67000000,0.00000000,1790986157999999,0.00000000,0,0.00000000,0.00000000,0
1790986158000000,84456.68000000,84456.68000000,84456.68000000,84456.68000000,0.00016000,1790986158999999,13.51306880,1,0.00016000,13.51306880,0
1790986159000000,84456.67000000,84456.67000000,84456.67000000,84456.67000000,0.09149000,1790986159999999,7726.94073830,41,0.00000000,0.00000000,0
1790986160000000,84456.67000000,84456.67000000,84456.67000000,84456.67000000,0.00000000,1790986160999999,0.00000000,0,0.00000000,0.00000000,0
1790986161000000,84456.67000000,84456.67000000,84456.67000000,84456.67000000,0.00010000,1790986161999999,8.44566700,2,0.00000000,0.00000000,0
1790986162000000,84456.67000000,84456.67000000,84456.67000000,84456.67000000,0.02880000,1790986162999999,2432.35209600,9,0.00000000,0.00000000,0
1790986163000000,84456.67000000,84456.68000000,84456.67000000,84456.67000000,0.01486000,1790986163999999,1255.02611700,3,0.00008000,6.75653440,0
1790986164000000,84456.67000000,84456.67000000,84456.67000000,84456.67000000,0.00000000,1790986164999999,0.00000000,0,0.00000000,0.00000000,0
1790986165000000,84456.68000000,84456.68000000,84456.68000000,84456.68000000,0.03570000,1790986165999999,3015.10347600,2,0.03570000,3015.10347600,0
1790986166000000,84456.67000000,84456.67000000,84456.67000000,84456.67000000,0.03926000,1790986166999999,3315.76886420,4,0.00000000,0.00000000,0
1790986167000000,84456.67000000,84456.67000000,84456.67000000,84456.67000000,0.12800000,1790986167999999,10810.45376000,3,0.00000000,0.00000000,0
1790986168000000,84456.68000000,84456.68000000,84456.68000000,84456.68000000,0.10190000,1790986168999999,8606.13569200,3,0.10190000,8606.13569200,0
1790986169000000,84456.68000000,84456.68000000,84456.68000000,84456.68000000,0.00040000,1790986169999999,33.78267200,2,0.00040000,33.78267200,0
1790986170000000,84456.68000000,84456.68000000,84456.68000000,84456.68000000,0.00000000,1790986170999999,0.00000000,0,0.00000000,0.00000000,0
1790986171000000,84456.68000000,84456.68000000,84456.68000000,84456.68000000,0.00000000,1790986171999999,0.00000000,0,0.00000000,0.00000000,0
1790986172000000,84456.67000000,84456.68000000,84456.67000000,84456.68000000,0.01099000,1790986172999999,928.17881320,3,0.00099000,83.61211320,0
1790986173000000,84456.67000000,84456.67000000,84456.67000000,84456.67000000,0.00323000,1790986173999999,272.79504410,1,0.00000000,0.00000000,0
1790986174000000,84456.67000000,84456.67000000,84456.67000000,84456.67000000,0.00000000,1790986174999999,0.00000000,0,0.00000000,0.00000000,0
1790986175000000,84456.67000000,84456.67000000,84456.67000000,84456.67000000,0.00000000,1790986175999999,0.00000000,0,0.00000000,0.00000000,0
1790986176000000,84456.68000000,84456.68000000,84456.67000000,84456.68000000,0.00176000,1790986176999999,148.64375480,3,0.00156000,131.75242080,0
1790986177000000,84456.67000000,84456.68000000,84456.67000000,84456.68000000,0.07711000,1790986177999999,6512.45382480,4,0.00011000,9.29023480,0
1790986178000000,84456.67000000,84456.67000000,84456.67000000,84456.67000000,0.02338000,1790986178999999,1974.59694460,4,0.00000000,0.00000000,0
1790986179000000,84456.67000000,84456.68000000,84456.67000000,84456.67000000,0.07358000,1790986179999999,6214.32183090,4,0.00523000,441.70843640,0
1790986180000000,84456.68000000,84456.68000000,84456.68000000,84456.68000000,0.00410000,1790986180999999,346.27238800,1,0.00410000,346.27238800,0
1790986181000000,84456.68000000,84456.68000000,84456.68000000,84456.68000000,0.00035000,1790986181999999,29.55983800,1,0.00035000,29.55983800,0
1790986182000000,84456.68000000,84456.68000000,84456.67000000,84456.67000000,0.01743000,1790986182999999,1472.07978460,23,0.00265000,223.81020200,0
1790986183000000,84456.67000000,84456.67000000,84456.67000000,84456.67000000,0.00228000,1790986183999999,192.56120760,1,0.00000000,0.00000000,0
1790986184000000,84456.67000000,84456.67000000,84456.67000000,84456.67000000,0.01243000,1790986184999999,1049.79640810,2,0.00000000,0.00000000,0
1790986185000000,84456.68000000,84456.68000000,84456.67000000,84456.67000000,0.00619000,1790986185999999,522.78679920,2,0.00119000,100.50344920,0
1790986186000000,84456.67000000,84456.67000000,84456.67000000,84456.67000000,0.00652000,1790986186999999,550.65748840,23,0.00000000,0.00000000,0
1790986187000000,84456.67000000,84456.67000000,84456.67000000,84456.67000000,0.00000000,1790986187999999,0.00000000,0,0.00000000,0.00000000,0
1790986188000000,84456.68000000,84456.68000000,84456.68000000,84456.68000000,0.00301000,1790986188999999,254.21460680,1,0.00301000,254.21460680,0
1790986189000000,84456.68000000,84456.68000000,84456.68000000,84456.68000000,0.00119000,1790986189999999,100.50344920,1,0.00119000,100.50344920,0
1790986190000000,84456.68000000,84456.68000000,84456.68000000,84456.68000000,0.00000000,1790986190999999,0.00000000,0,0.00000000,0.00000000,0
1790986191000000,84456.67000000,84456.68000000,84456.67000000,84456.68000000,0.02257000,1790986191999999,1906.18713080,11,0.00889000,750.81988520,0
1790986192000000,84456.67000000,84456.68000000,84456.67000000,84456.68000000,0.01506000,1790986192999999,1271.91750080,21,0.00506000,427.35080080,0
1790986193000000,84456.68000000,84456.68000000,84456.68000000,84456.68000000,0.00107000,1790986193999999,90.36864760,1,0.00107000,90.36864760,0
1790986194000000,84456.67000000,84456.67000000,84456.67000000,84456.67000000,0.00408000,1790986194999999,344.58321360,2,0.00000000,0.00000000,0
1790986195000000,84456.67000000,84456.67000000,84456.67000000,84456.67000000,0.00009000,1790986195999999,7.60110030,1,0.00000000,0.00000000,0
1790986196000000,84456.67000000,84456.68000000,84456.67000000,84456.68000000,0.00908000,1790986196999999,766.86656590,3,0.00023000,19.42503640,0
1790986197000000,84456.67000000,84456.67000000,84456.67000000,84456.67000000,0.07669000,1790986197999999,6476.98202230,28,0.00000000,0.00000000,0
1790986198000000,84456.67000000,84456.67000000,84456.67000000,84456.67000000,0.00000000,1790986198999999,0.00000000,0,0.00000000,0.00000000,0
1790986199000000,84456.67000000,84456.67000000,84456.67000000,84456.67000000,0.01840000,1790986199999999,1554.00272800,25,0.00000000,0.00000000,0
